Title,Genre,Premiere Date,Finale Date,Seasons,Cancelled
House of Cards,Political drama,"February 1, 2013","November 2, 2018",6,0
Orange Is the New Black,Comedy drama,"July 11, 2013","July 26, 2019",7,0
Marco Polo,Historical drama,"December 12, 2014","July 1, 2016",2,0
Bloodline,Thriller,"March 20, 2015","May 26, 2017",3,0
Daredevil,Superherolegal drama,"April 10, 2015","October 19, 2018",3,0
Sense8,Science fiction,"June 5, 2015","June 8, 2018",2,0
Narcos,Crime drama,"August 28, 2015","September 1, 2017",3,0
Jessica Jones,Superheropsychological thriller,"November 20, 2015","June 14, 2019",3,0
The Get Down,Musicaldrama,"August 12, 2016","April 7, 2017",2,0
Luke Cage,Neo-blaxploitationSuperhero,"September 30, 2016","June 22, 2018",2,0
Gilmore Girls: A Year in the Life,Family drama,"November 25, 2016","November 25, 2016",1,1
The OA,Mystery,"December 16, 2016","March 22, 2019",2,0
Iron Fist,Superheromartial arts,"March 17, 2017","September 7, 2018",2,0
13 Reasons Why,Teen dramamystery,"March 31, 2017","June 5, 2020",4,0
Gypsy,Psychological thriller,"June 30, 2017","June 30, 2017",1,1
Ozark,Crime drama,"July 21, 2017","April 29, 2022",4,0
The Defenders,Superheroaction/drama,"August 18, 2017","August 18, 2017",1,1
Mindhunter,Crime drama,"October 13, 2017","August 16, 2019",2,0
The Punisher,Superherodrama,"November 17, 2017","January 18, 2019",2,0
Godless,Western,"November 22, 2017","November 22, 2017",1,1
Altered Carbon,Science fiction,"February 2, 2018","February 27, 2020",2,0
Seven Seconds,Crime drama,"February 23, 2018","February 23, 2018",1,1
The Innocents,Supernatural fiction,"August 24, 2018","August 24, 2018",1,1
The Haunting of Hill House,Horror,"October 12, 2018","October 12, 2018",1,1
Chilling Adventures of Sabrina,Supernaturalcoming-of-agehorror,"October 26, 2018","December 31, 2020",4,0
Narcos: Mexico,Crime drama,"November 16, 2018","November 5, 2021",3,0
Tidelands,Supernaturalcrime drama,"December 14, 2018","December 14, 2018",1,1
The Order,Supernaturalhorrordrama,"March 7, 2019","June 18, 2020",2,0
Black Summer,Apocalyptic fictiondrama,"April 11, 2019","June 17, 2021",2,0
Chambers,Teenpsychological thriller,"April 26, 2019","April 26, 2019",1,1
The Society,Mysterydrama,"May 10, 2019","May 10, 2019",1,1
What/If,Social thrilleranthology,"May 24, 2019","May 24, 2019",1,1
When They See Us,Drama,"May 31, 2019","May 31, 2019",1,1
Armistead Maupin's Tales of the City,Drama,"June 7, 2019","June 7, 2019",1,1
Trinkets,Coming-of-agedrama,"June 14, 2019","August 25, 2020",2,0
Another Life,Science fictiondrama,"July 25, 2019","October 14, 2021",2,0
Wu Assassins,Supernaturalmartial artsdrama,"August 8, 2019","August 8, 2019",1,1
The I-Land,Science fictionthriller,"September 12, 2019","September 12, 2019",1,1
Unbelievable,Drama,"September 13, 2019","September 13, 2019",1,1
Criminal: UK,Police proceduralanthology series,"September 20, 2019","September 16, 2020",2,0
V Wars,Science fictionhorrordrama,"December 5, 2019","December 5, 2019",1,1
Soundtrack,Musicaldrama,"December 18, 2019","December 18, 2019",1,1
Messiah,Thriller,"January 1, 2020","January 1, 2020",1,1
Spinning Out,Drama,"January 1, 2020","January 1, 2020",1,1
October Faction,Horror,"January 23, 2020","January 23, 2020",1,1
The Stranger,Thriller,"January 30, 2020","January 30, 2020",1,1
Locke & Key,Fantasy drama/Supernatural horror,"February 7, 2020","August 10, 2022",3,0
Queen Sono,Crime drama,"February 28, 2020","February 28, 2020",1,1
Self Made: Inspired by the Life of Madam C. J. Walker,Biopic,"March 20, 2020","March 20, 2020",1,1
The English Game,Historical drama,"March 20, 2020","March 20, 2020",1,1
Unorthodox,Drama,"March 26, 2020","March 26, 2020",1,1
Hollywood,Drama,"May 1, 2020","May 1, 2020",1,1
The Eddy,Musical drama,"May 8, 2020","May 8, 2020",1,1
White Lines,Drama,"May 15, 2020","May 15, 2020",1,1
Homemade,Anthology series,"June 30, 2020","June 30, 2020",1,1
Warrior Nun,Fantasy,"July 2, 2020","November 10, 2022",2,0
Cursed,Fantasy,"July 17, 2020","July 17, 2020",1,1
Young Wallander,Detective drama,"September 3, 2020","February 17, 2022",2,0
Away,Science fiction,"September 4, 2020","September 4, 2020",1,1
The Haunting of Bly Manor,Horror/Gothic-Romance,"October 9, 2020","October 9, 2020",1,1
Social Distance,Anthology series,"October 15, 2020","October 15, 2020",1,1
Grand Army,Teen drama,"October 16, 2020","October 16, 2020",1,1
The Queen's Gambit,Coming-of-ageperioddrama,"October 23, 2020","October 23, 2020",1,1
Dash & Lily,Romance,"November 10, 2020","November 10, 2020",1,1
Kings of Jo'Burg,Fantasycrime drama,"December 4, 2020","January 27, 2023",2,0
Tiny Pretty Things,Teen drama,"December 14, 2020","December 14, 2020",1,1
Fate: The Winx Saga,Teen dramafantasy,"January 22, 2021","September 16, 2022",2,0
Firefly Lane,Drama,"February 3, 2021","April 27, 2023",2,0
Behind Her Eyes,Psychological thriller,"February 17, 2021","February 17, 2021",1,1
The One,Science fiction,"March 12, 2021","March 12, 2021",1,1
The Irregulars,Mystery drama,"March 26, 2021","March 26, 2021",1,1
Jupiter's Legacy,Superheroepic,"May 7, 2021","May 7, 2021",1,1
Halston,Drama,"May 14, 2021","May 14, 2021",1,1
Jiva!,Drama,"June 24, 2021","June 24, 2021",1,1
Sex/Life,Drama,"June 25, 2021","March 2, 2023",2,0
Hit & Run,Thriller,"August 6, 2021","August 6, 2021",1,1
Brand New Cherry Flavor,Horror-thriller,"August 13, 2021","August 13, 2021",1,1
Clickbait,Thriller,"August 25, 2021","August 25, 2021",1,1
King of Boys: The Return of the King,Crime drama,"August 27, 2021","August 27, 2021",1,1
Midnight Mass,Horror,"September 24, 2021","September 24, 2021",1,1
Maid,Comedy drama,"October 1, 2021","October 1, 2021",1,1
Colin in Black & White,Biopic,"October 29, 2021","October 29, 2021",1,1
Cowboy Bebop,Science fiction,"November 19, 2021","November 19, 2021",1,1
True Story,Drama,"November 24, 2021","November 24, 2021",1,1
Stay Close,Thriller,"December 31, 2021","December 31, 2021",1,1
Archive 81,Found footagehorror,"January 14, 2022","January 14, 2022",1,1
In From the Cold,Thriller,"January 28, 2022","January 28, 2022",1,1
Inventing Anna,Drama,"February 11, 2022","February 11, 2022",1,1
Pieces of Her,Thriller,"March 4, 2022","March 4, 2022",1,1
Anatomy of a Scandal,Anthologydrama,"April 15, 2022","April 15, 2022",1,1
Blood Sisters,Thriller,"May 5, 2022","May 5, 2022",1,1
Savage Beauty,Drama,"May 12, 2022","May 12, 2022",1,1
First Kill,Horrordrama,"June 10, 2022","June 10, 2022",1,1
Resident Evil,Science fictionhorror,"July 14, 2022","July 14, 2022",1,1
Country Queen,Drama,"July 15, 2022","July 15, 2022",1,1
Keep Breathing,Survivaldrama,"July 28, 2022","July 28, 2022",1,1
Justice Served,Drama,"July 29, 2022","July 29, 2022",1,1
Echoes,Mysterythriller,"August 19, 2022","August 19, 2022",1,1
Lost Ollie,Drama,"August 24, 2022","August 24, 2022",1,1
Partner Track,Legal drama,"August 26, 2022","August 26, 2022",1,1
Devil in Ohio,Thriller,"September 2, 2022","September 2, 2022",1,1
The Imperfects,Science fiction,"September 8, 2022","September 8, 2022",1,1
Dahmer – Monster: The Jeffrey Dahmer Story,Crime drama,"September 21, 2022","September 21, 2022",1,1
The Midnight Club,Teenhorrordrama,"October 7, 2022","October 7, 2022",1,1
From Scratch,Drama,"October 21, 2022","October 21, 2022",1,1
Guillermo del Toro's Cabinet of Curiosities,Horroranthology,"October 25, 2022","October 28, 2022",1,0
The Bastard Son & The Devil Himself,Fantasydrama,"October 28, 2022","October 28, 2022",1,1
1899,Epicperiodmysteryhorror,"November 17, 2022","November 17, 2022",1,1
The Witcher: Blood Origin,Fantasydrama,"December 25, 2022","December 25, 2022",1,1
Treason,Spydrama,"December 26, 2022","December 26, 2022",1,1
Kaleidoscope,Heistdrama,"January 1, 2023","January 1, 2023",1,1
Lockwood & Co.,Supernaturaldetectivethriller,"January 27, 2023","January 27, 2023",1,1
Transatlantic,Historical drama,"April 7, 2023","April 7, 2023",1,1
Florida Man,Crime drama,"April 13, 2023","April 13, 2023",1,1
Obsession,Erotic thriller,"April 13, 2023","April 13, 2023",1,1
Queen Charlotte: A Bridgerton Story,Historical drama,"May 4, 2023","May 4, 2023",1,1
Painkiller,Crime drama,"August 10, 2023","August 10, 2023",1,1
Who Is Erin Carter?,Action-adventure,"August 24, 2023","August 24, 2023",1,1
Unbreakable Kimmy Schmidt,Comedy,"March 6, 2015","May 12, 2020",4,0
Grace and Frankie,Comedy drama,"May 8, 2015","April 29, 2022",7,0
Wet Hot American Summer: First Day of Camp,Satirical comedy,"July 31, 2015","July 31, 2015",1,1
Master of None,Comedy,"November 6, 2015","May 23, 2021",3,0
W/ Bob & David,Sketch comedy,"November 13, 2015","November 13, 2015",1,1
Real Rob,Comedy,"December 1, 2015","September 29, 2017",2,0
Love,Romantic comedy,"February 19, 2016","March 9, 2018",3,0
Flaked,Comedy,"March 11, 2016","June 2, 2017",2,0
Netflix Presents: The Characters,Sketch comedy,"March 11, 2016","March 11, 2016",1,1
The Ranch,Sitcom,"April 1, 2016","January 24, 2020",8,0
Lady Dynamite,Comedy,"May 20, 2016","November 10, 2017",2,0
Easy,Romantic comedyanthology,"September 22, 2016","May 10, 2019",3,0
Trailer Park Boys Out of the Park: Europe,Mockumentary,"October 28, 2016","October 28, 2016",1,1
Santa Clarita Diet,Comedy horror,"February 3, 2017","March 29, 2019",3,0
Girlboss,Comedy,"April 21, 2017","April 21, 2017",1,1
Dear White People,Satiricalcomedy drama,"April 28, 2017","September 22, 2021",4,0
GLOW,Comedy,"June 23, 2017","August 9, 2019",3,0
Friends from College,Comedy,"July 14, 2017","January 11, 2019",2,0
Wet Hot American Summer: Ten Years Later,Satirical comedy,"August 4, 2017","August 4, 2017",1,1
Atypical,Coming-of-agecomedy,"August 11, 2017","July 9, 2021",4,0
Disjointed,Comedy,"August 25, 2017","January 12, 2018",2,0
American Vandal,Mockumentary,"September 15, 2017","September 14, 2018",2,0
She's Gotta Have It,Comedy drama,"November 23, 2017","May 24, 2019",2,0
Trailer Park Boys Out of the Park: USA,Mockumentary,"November 24, 2017","November 24, 2017",1,1
Everything Sucks!,Coming-of-agecomedy drama,"February 16, 2018","February 16, 2018",1,1
On My Block,Coming-of-agecomedy,"March 16, 2018","October 4, 2021",4,0
Insatiable,Dark comedy drama,"August 10, 2018","October 11, 2019",2,0
Maniac,Dark comedy,"September 21, 2018","September 21, 2018",1,1
The Good Cop,Police proceduralcomedy drama,"September 21, 2018","September 21, 2018",1,1
The Kominsky Method,Comedy,"November 16, 2018","May 28, 2021",3,0
Russian Doll,Comedy,"February 1, 2019","April 20, 2022",2,0
After Life,Dark comedydrama,"March 8, 2019","January 14, 2022",3,0
Turn Up Charlie,Comedy,"March 15, 2019","March 15, 2019",1,1
Huge in France,Comedy,"April 12, 2019","April 12, 2019",1,1
Special,Comedy,"April 12, 2019","May 20, 2021",2,0
Lunatics,Comedy,"April 19, 2019","April 19, 2019",1,1
Bonding,Dark comedy,"April 24, 2019","January 27, 2021",2,0
Dead to Me,Black comedy-drama,"May 3, 2019","November 17, 2022",3,0
It's Bruno!,Comedy,"May 17, 2019","May 17, 2019",1,1
Mr. Iglesias,Comedy,"June 21, 2019","December 8, 2020",3,0
The Politician,Comedy,"September 27, 2019","June 19, 2020",2,0
Living with Yourself,Comedy drama,"October 18, 2019","October 18, 2019",1,1
Daybreak,Dark comedy,"October 24, 2019","October 24, 2019",1,1
Merry Happy Whatever,Comedy,"November 28, 2019","November 28, 2019",1,1
Astronomy Club: The Sketch Show,Sketch comedy,"December 6, 2019","December 6, 2019",1,1
AJ and the Queen,Comedy,"January 10, 2020","January 10, 2020",1,1
Medical Police,Comedy,"January 10, 2020","January 10, 2020",1,1
Gentefied,Comedy drama,"February 21, 2020","November 10, 2021",2,0
I Am Not Okay with This,Coming-of-age comedy,"February 26, 2020","February 26, 2020",1,1
The Iliza Shlesinger Sketch Show,Sketch comedy,"April 1, 2020","April 1, 2020",1,1
Brews Brothers,Comedy,"April 10, 2020","April 10, 2020",1,1
#blackAF,Sitcom,"April 17, 2020","April 17, 2020",1,1
Never Have I Ever,Coming-of-agecomedy drama,"April 27, 2020","June 8, 2023",4,0
Space Force,Workplace comedy,"May 29, 2020","February 18, 2022",2,0
Teenage Bounty Hunters,Comedy,"August 14, 2020","August 14, 2020",1,1
The Duchess,Comedy,"September 11, 2020","September 11, 2020",1,1
Sneakerheads,Comedy,"September 25, 2020","September 25, 2020",1,1
Aunty Donna's Big Ol' House of Fun,Comedy,"November 11, 2020","November 11, 2020",1,1
The Crew,Workplace comedy,"February 15, 2021","February 15, 2021",1,1
The Chair,Comedy drama,"August 20, 2021","August 20, 2021",1,1
Pretty Smart,Sitcom,"October 8, 2021","October 8, 2021",1,1
Decoupled,Comedy,"December 17, 2021","December 17, 2021",1,1
The Woman in the House Across the Street from the Girl in the Window,Dark comedythriller,"January 28, 2022","January 28, 2022",1,1
Murderville,Crime comedy/Improvisational,"February 3, 2022","February 3, 2022",1,1
Eternally Confused and Eager for Love,Comedy drama,"March 18, 2022","March 18, 2022",1,1
Hard Cell,Mockumentary,"April 12, 2022","April 12, 2022",1,1
The Pentaverate,Comedy,"May 5, 2022","May 5, 2022",1,1
God's Favorite Idiot,Workplace comedy,"June 15, 2022","June 15, 2022",1,1
"Boo, Bitch",Comedy,"July 8, 2022","July 8, 2022",1,1
Uncoupled,Comedy,"July 29, 2022","July 29, 2022",1,1
Chad and JT Go Deep,Comedy,"August 23, 2022","August 23, 2022",1,1
Blockbuster,Workplace comedy,"November 3, 2022","November 3, 2022",1,1
Freeridge,Comedy,"February 2, 2023","February 2, 2023",1,1
Richie Rich,Sitcom,"February 20, 2015","May 22, 2015",2,0
Project Mc2,Comedy,"August 7, 2015","November 7, 2017",6,0
Fuller House,Sitcom,"February 26, 2016","June 2, 2020",5,0
Haters Back Off,Comedy,"October 14, 2016","October 20, 2017",2,0
One Day at a Time,Sitcom,"January 6, 2017","February 8, 2019",3,0
A Series of Unfortunate Events,Black comedymystery,"January 13, 2017","January 1, 2019",3,0
Julie's Greenroom,Educational,"March 17, 2017","March 17, 2017",1,1
Free Rein,Teen drama,"June 22, 2017","July 6, 2019",3,0
Greenhouse Academy,Science fictionteen drama,"September 8, 2017","March 20, 2020",4,0
Alexa & Katie,Sitcom,"March 23, 2018","June 13, 2020",4,0
Lost in Space,Science fiction,"April 13, 2018","December 1, 2021",3,0
The Who Was? Show,Educational,"May 11, 2018","May 11, 2018",1,1
All About the Washingtons,Comedy,"August 10, 2018","August 10, 2018",1,1
The Ponysitters Club,Drama,"August 10, 2018","November 16, 2018",2,0
Best.Worst.Weekend.Ever.,Comedy,"October 19, 2018","October 19, 2018",1,1
Brainchild,Educational,"November 2, 2018","November 2, 2018",1,1
Prince of Peoria,Sitcom,"November 16, 2018","May 20, 2019",2,0
No Good Nick,Sitcom,"April 15, 2019","August 5, 2019",2,0
Malibu Rescue: The Series,Comedy,"June 3, 2019","June 3, 2019",1,1
Family Reunion,Sitcom,"July 10, 2019","October 27, 2022",5,0
The Dark Crystal: Age of Resistance,Fantasy,"August 30, 2019","August 30, 2019",1,1
Team Kaylie,Sitcom,"September 23, 2019","February 3, 2020",3,0
Raising Dion,Superhero/science fictiondrama,"October 4, 2019","February 1, 2022",2,0
Dolly Parton's Heartstrings,Anthology series,"November 22, 2019","November 22, 2019",1,1
The Healing Powers of Dude,Family comedy,"January 13, 2020","January 13, 2020",1,1
Ashley Garcia: Genius in Love,Comedy,"February 17, 2020","December 9, 2020",3,0
The Letter for the King,Fantasy,"March 20, 2020","March 20, 2020",1,1
The Big Show Show,Comedy,"April 6, 2020","December 9, 2020",2,0
The Baby-Sitters Club,Comedy drama,"July 3, 2020","October 11, 2021",2,0
Emily's Wonder Lab,Educational,"August 25, 2020","August 25, 2020",1,1
Bookmarks,Educational,"September 1, 2020","September 1, 2020",1,1
Julie and the Phantoms,Musicalcomedy,"September 10, 2020","September 10, 2020",1,1
Izzy's Koala World,Educational,"September 15, 2020","April 20, 2021",2,0
Selena: The Series,Biopic,"December 4, 2020","May 4, 2021",2,0
Zero Chill,Sport/Teen drama,"March 15, 2021","March 15, 2021",1,1
Waffles + Mochi,Cooking/Educational,"March 16, 2021","March 16, 2021",1,1
Country Comfort,Sitcom,"March 19, 2021","March 19, 2021",1,1
Dad Stop Embarrassing Me!,Sitcom,"April 14, 2021","April 14, 2021",1,1
Scaredy Cats,Fantasycomedy,"October 1, 2021","October 1, 2021",1,1
Super PupZ,Children'scomedy,"March 31, 2022","March 31, 2022",1,1
The Last Bus,Science fiction,"April 1, 2022","April 1, 2022",1,1
Man vs. Bee,Comedy,"June 24, 2022","June 24, 2022",1,1
Gymnastics Academy: A Second Chance!,Familydrama,"September 16, 2022","September 16, 2022",1,1
Phantom Pups,Children'scomedy,"September 30, 2022","September 30, 2022",1,1
Waffles + Mochi's Restaurant,Cooking/Educational,"October 17, 2022","October 17, 2022",1,1
BoJack Horseman,Comedy drama,"August 22, 2014","January 31, 2020",6,0
F Is for Family,Sitcom,"December 18, 2015","November 25, 2021",5,0
Neo Yokio,Science fantasycomedy,"September 22, 2017","December 7, 2018",2,0
Paradise PD,Crimecomedy,"August 31, 2018","December 16, 2022",4,0
Super Drags,Superherocomedy,"November 9, 2018","November 9, 2018",1,1
Trailer Park Boys: The Animated Series,Mockumentary,"March 31, 2019","May 22, 2020",2,0
Tuca & Bertie,Comedy,"May 3, 2019","May 3, 2019",1,1
The Midnight Gospel,Science fantasy/Dark comedy,"April 20, 2020","April 20, 2020",1,1
Hoops,Sitcom,"August 21, 2020","August 21, 2020",1,1
The Liberator,War drama,"November 11, 2020","November 11, 2020",1,1
Bad Exorcist,Horror comedy,"December 3, 2020","October 13, 2021",2,0
Masters of the Universe: Revelation,Science fantasy,"July 23, 2021","November 23, 2021",2,0
Q-Force,Comedy,"September 2, 2021","September 2, 2021",1,1
Adventure Beast,Educational/comedy,"October 22, 2021","October 22, 2021",1,1
Inside Job,Workplace comedy/Science fiction,"October 22, 2021","November 18, 2022",1,0
Tear Along the Dotted Line,Comedy,"November 17, 2021","November 17, 2021",1,1
Saturday Morning All Star Hits!,Comedy,"December 10, 2021","December 10, 2021",1,1
The Guardians of Justice,Superherolive-action animation,"March 1, 2022","March 1, 2022",1,1
Farzar,Science fiction comedy,"July 15, 2022","July 15, 2022",1,1
Human Resources,Comedy,"March 18, 2022","June 9, 2023",2,0
Castlevania,Dark fantasyaction,"July 7, 2017","May 13, 2021",4,0
Devilman Crybaby,Supernaturalhorror,"January 5, 2018","January 5, 2018",1,1
B: The Beginning,Suspense,"March 2, 2018","March 18, 2021",2,0
A.I.C.O. -Incarnation-,Science fiction,"March 9, 2018","March 9, 2018",1,1
Sword Gai: The Animation,Supernatural,"March 23, 2018","July 30, 2018",2,0
Lost Song,Musicalfantasy,"March 31, 2018","June 16, 2018",1,0
Aggretsuko,Workplace comedy,"April 20, 2018","February 16, 2023",5,0
Baki,Martial arts,"June 25, 2018","June 4, 2020",2,0
Hero Mask,Crime,"December 3, 2018","August 23, 2019",2,0
Ultraman,Science fiction/Tokusatsu,"April 1, 2019","May 11, 2023",3,0
Rilakkuma and Kaoru,Stop motion/Slice of life,"April 19, 2019","April 19, 2019",1,1
7SEEDS,Science fiction,"June 28, 2019","March 26, 2020",2,0
Knights of the Zodiac: Saint Seiya,Action,"July 19, 2019","January 23, 2020",2,0
Cannon Busters,Fantasy,"August 15, 2019","August 15, 2019",1,1
Seis Manos,Supernatural/Action,"October 3, 2019","October 3, 2019",1,1
Dino Girl Gauko,Children's series,"November 22, 2019","March 20, 2020",2,0
Levius,Science fiction/Action,"November 28, 2019","November 28, 2019",1,1
The Disastrous Life of Saiki K.: Reawakened,Supernaturalcomedy,"December 30, 2019","December 30, 2019",1,1
Cagaster of an Insect Cage,Science fiction,"February 6, 2020","February 6, 2020",1,1
Ghost in the Shell: SAC_2045,Science fiction,"April 23, 2020","May 23, 2022",2,0
Japan Sinks: 2020,Disaster,"July 9, 2020","July 9, 2020",1,1
Transformers: War for Cybertron Trilogy: Siege,Science fiction,"July 30, 2020","July 30, 2020",1,1
The Idhun Chronicles,Fantasy/Action,"September 10, 2020","January 8, 2021",2,0
Dragon's Dogma,Dark fantasy/Adventure,"September 17, 2020","September 17, 2020",1,1
Transformers: War for Cybertron Trilogy: Earthrise,Science fiction,"December 30, 2020","December 30, 2020",1,1
High-Rise Invasion,Action horror,"February 25, 2021","February 25, 2021",1,1
Pacific Rim: The Black,Mecha/Kaiju,"March 4, 2021","April 19, 2022",2,0
Dota: Dragon's Blood,Dark fantasyaction,"March 25, 2021","August 11, 2022",3,0
Yasuke,Historical fantasy/Action,"April 29, 2021","April 29, 2021",1,1
Eden,Science fiction,"May 27, 2021","May 27, 2021",1,1
Trese,Dark fantasy/Crime,"June 10, 2021","June 10, 2021",1,1
Resident Evil: Infinite Darkness,CG animation/Horror,"July 8, 2021","July 8, 2021",1,1
Transformers: War for Cybertron Trilogy: Kingdom,Science fiction,"July 29, 2021","July 29, 2021",1,1
Super Crooks,Crime,"November 25, 2021","November 25, 2021",1,1
The Orbital Children,Science fictionadventure,"January 28, 2022","January 28, 2022",1,1
Kotaro Lives Alone,Comedy,"March 10, 2022","March 10, 2022",1,1
Thermae Romae Novae,Comedy,"March 28, 2022","March 28, 2022",1,1
Vampire in the Garden,Action drama,"May 16, 2022","May 16, 2022",1,1
Spriggan,Science fiction,"June 18, 2022","June 18, 2022",1,1
Kakegurui Twin,Drama,"August 4, 2022","August 4, 2022",1,1
Tekken: Bloodline,Martial arts,"August 18, 2022","August 18, 2022",1,1
Rilakkuma's Theme Park Adventure,Slice of life,"August 25, 2022","August 25, 2022",1,1
Bee and PuppyCat,Fantasycomedy drama,"September 6, 2022","September 6, 2022",1,1
Cyberpunk: Edgerunners,Science fiction,"September 13, 2022","September 13, 2022",1,1
Exception,Horror,"October 13, 2022","October 13, 2022",1,1
Romantic Killer,Romantic comedy,"October 27, 2022","October 27, 2022",1,1
All Hail King Julien,,"December 19, 2014","December 1, 2017",5,0
Ever After High,,"February 6, 2015","August 5, 2016",5,0
Dragons: Race to the Edge,,"June 26, 2015","February 16, 2018",6,0
Popples,,"October 30, 2015","July 24, 2016",3,0
Care Bears and Cousins,,"November 6, 2015","February 5, 2016",2,0
Lego Bionicle: The Journey to One,,"March 4, 2016","July 29, 2016",2,0
Lego Friends: The Power of Friendship,,"March 4, 2016","June 10, 2016",2,0
Kong: King of the Apes,,"April 15, 2016","May 4, 2018",2,0
Voltron: Legendary Defender,,"June 10, 2016","December 14, 2018",8,0
Justin Time GO!,,"June 24, 2016","June 24, 2016",1,1
Word Party,,"July 8, 2016","March 2, 2021",5,0
Ask the StoryBots,,"August 12, 2016","August 2, 2019",3,0
Kulipari: An Army of Frogs,,"September 2, 2016","September 2, 2016",1,1
Skylanders Academy,,"October 28, 2016","September 28, 2018",3,0
World of Winx,,"November 4, 2016","June 16, 2017",2,0
Luna Petunia,,"December 9, 2016","November 17, 2017",3,0
Trollhunters: Tales of Arcadia,,"December 23, 2016","May 25, 2018",3,0
Edgar Rice Burroughs' Tarzan and Jane,,"January 6, 2017","October 12, 2018",2,0
We're Lalaloopsy,,"January 10, 2017","January 10, 2017",1,1
Legend Quest,,"February 24, 2017","February 24, 2017",1,1
Buddy Thunderstruck,,"March 10, 2017","March 10, 2017",1,1
All Hail King Julien: Exiled,,"May 12, 2017","May 12, 2017",1,1
True and the Rainbow Kingdom,,"August 11, 2017","August 30, 2019",3,0
Lego Elves: Secrets of Elvendale,,"September 1, 2017","September 1, 2017",1,1
The Magic School Bus Rides Again,,"September 29, 2017","April 13, 2018",2,0
Super Monsters,,"October 13, 2017","October 4, 2019",3,0
Stretch Armstrong and the Flex Fighters,,"November 17, 2017","September 7, 2018",2,0
Trolls: The Beat Goes On!,,"January 19, 2018","November 22, 2019",8,0
Llama Llama,,"January 26, 2018","November 15, 2019",2,0
Luna Petunia: Return to Amazia,,"February 2, 2018","July 20, 2018",2,0
The Boss Baby: Back in Business,,"April 6, 2018","November 17, 2020",4,0
Spy Kids: Mission Critical,,"April 20, 2018","November 30, 2018",2,0
The Hollow,,"June 8, 2018","May 8, 2020",2,0
True: Magical Friends,,"June 15, 2018","June 15, 2018",1,1
True: Wonderful Wishes,,"June 15, 2018","June 15, 2018",1,1
Harvey Girls Forever!,,"June 29, 2018","January 10, 2020",4,0
The Epic Tales of Captain Underpants,,"July 13, 2018","July 19, 2019",3,0
Cupcake & Dino: General Services,,"July 27, 2018","May 3, 2019",2,0
Larva Island,,"October 19, 2018","March 1, 2019",2,0
She-Ra and the Princesses of Power,,"November 13, 2018","May 15, 2020",5,0
Kulipari: Dream Walker,,"November 20, 2018","November 20, 2018",1,1
Motown Magic,,"November 20, 2018","June 28, 2019",2,0
3Below: Tales of Arcadia,,"December 21, 2018","July 12, 2019",2,0
Pinky Malinky,,"January 1, 2019","July 17, 2019",3,0
Carmen Sandiego,,"January 18, 2019","January 15, 2021",4,0
YooHoo to the Rescue,,"March 15, 2019","March 25, 2020",3,0
Charlie's Colorforms City,,"March 22, 2019","June 13, 2022",6,0
Mighty Little Bheem,,"April 12, 2019","September 18, 2020",3,0
Twelve Forever,,"July 29, 2019","July 29, 2019",1,1
Spirit Riding Free: Pony Tales,,"August 9, 2019","October 18, 2019",2,0
Archibald's Next Big Thing,,"September 6, 2019","March 20, 2020",2,0
The Last Kids on Earth,,"September 17, 2019","October 16, 2020",3,0
Dragons: Rescue Riders,,"September 27, 2019","February 7, 2020",2,0
Legend Quest: Masters of Myth,,"October 5, 2019","October 5, 2019",1,1
Hello Ninja,,"November 1, 2019","January 19, 2021",4,0
Green Eggs and Ham,,"November 8, 2019","April 8, 2022",2,0
Fast & Furious Spy Racers,,"December 26, 2019","December 17, 2021",6,0
Go! Go! Cory Carson,,"January 4, 2020","October 21, 2021",6,0
Kipo and the Age of Wonderbeasts,,"January 14, 2020","October 12, 2020",3,0
Glitch Techs,,"February 21, 2020","August 17, 2020",2,0
Buddi,,"March 20, 2020","September 11, 2020",2,0
Spirit Riding Free: Riding Academy,,"April 3, 2020","September 4, 2020",2,0
StarBeam,,"April 3, 2020","June 29, 2021",4,0
Chico Bon Bon: Monkey with a Tool Belt,,"May 8, 2020","October 27, 2020",4,0
Rhyme Time Town,,"June 19, 2020","June 15, 2021",2,0
The Epic Tales of Captain Underpants in Space,,"July 10, 2020","July 10, 2020",1,1
Wizards: Tales of Arcadia,,"August 7, 2020","August 7, 2020",1,1
Jurassic World Camp Cretaceous,,"September 18, 2020","July 21, 2022",5,0
Mighty Express,,"September 22, 2020","August 29, 2022",7,0
Trash Truck,,"November 10, 2020","May 4, 2021",2,0
"Go, Dog. Go!",,"January 26, 2021","September 19, 2022",3,0
Kid Cosmic,,"February 2, 2021","February 3, 2022",3,0
Kayko and Kokosh,,"February 28, 2021","November 17, 2021",2,0
City of Ghosts,,"March 5, 2021","March 5, 2021",1,1
We the People,,"July 4, 2021","July 4, 2021",1,1
Ridley Jones,,"July 13, 2021","March 6, 2023",5,0
Johnny Test,,"July 16, 2021","January 7, 2022",2,0
Centaurworld,,"July 30, 2021","December 7, 2021",2,0
I Heart Arlo,,"August 27, 2021","August 27, 2021",1,1
Octonauts: Above & Beyond,,"September 7, 2021","May 2, 2022",2,0
He-Man and the Masters of the Universe,,"September 16, 2021","August 18, 2022",3,0
A Tale Dark & Grimm,,"October 8, 2021","October 8, 2021",1,1
Karma's World,,"October 15, 2021","September 22, 2022",4,0
Maya and the Three,,"October 22, 2021","October 22, 2021",1,1
"StoryBots: Laugh, Learn, Sing",,"November 16, 2021","July 18, 2022",2,0
Dogs in Space,,"November 18, 2021","September 15, 2022",2,0
Word Party Presents: Math!,,"December 28, 2021","December 28, 2021",1,1
Action Pack,,"January 4, 2022","June 6, 2022",2,0
Angry Birds: Summer Madness,,"January 28, 2022","August 25, 2022",3,0
Team Zenko Go,,"March 15, 2022","August 8, 2022",2,0
Trivia Quest,,"April 1, 2022","April 30, 2022",1,0
Battle Kitty,,"April 19, 2022","April 19, 2022",1,1
Samurai Rabbit: The Usagi Chronicles,,"April 28, 2022","September 1, 2022",2,0
Sea of Love,,"May 23, 2022","May 23, 2022",1,1
Dead End: Paranormal Park,,"June 16, 2022","October 13, 2022",2,0
Big Tree City,,"August 1, 2022","August 1, 2022",1,1
Super Giant Robot Brothers,,"August 4, 2022","August 4, 2022",1,1
Deepa & Anoop,,"August 15, 2022","November 7, 2022",2,0
Oddballs,,"October 7, 2022","February 24, 2023",2,0
Oni: Thunder God's Tale,,"October 21, 2022","October 21, 2022",1,1
Brown and Friends,,"December 29, 2022","December 29, 2022",1,1
Ludik,Drama,"August 26, 2022","August 26, 2022",1,1
Jinn,Fantasyadventure,"June 13, 2019","June 13, 2019",1,1
Dollar,Thriller,"August 8, 2019","August 8, 2019",1,1
Paranormal,Supernatural drama,"November 5, 2020","November 5, 2020",1,1
Abla Fahita: Drama Queen,Puppetry/live-actioncomedy,"March 15, 2021","March 15, 2021",1,1
"Love, Life & Everything in Between",Romantic comedy,"March 10, 2022","March 10, 2022",1,1
The Cage,Comedy drama,"October 11, 2022","October 11, 2022",1,1
The Rain,Post-apocalypticdrama,"May 4, 2018","May 4, 2018",1,1
Equinox,Thriller,"December 30, 2020","December 30, 2020",1,1
The Chestnut Man,Crime drama,"September 29, 2021","September 29, 2021",1,1
Elves,Fantasyhorror,"November 28, 2021","November 28, 2021",1,1
Chosen,Coming-of-agescience fiction,"January 27, 2022","January 27, 2022",1,1
The Nurse,Thriller,"April 27, 2023","April 27, 2023",1,1
Ares,Horrordrama,"January 17, 2020","January 17, 2020",1,1
Misfit: The Series,Teenmusicalcomedy-drama,"October 16, 2021","October 16, 2021",1,1
Dirty Lines,Drama,"April 8, 2022","April 8, 2022",1,1
Marseille,Political drama,"May 5, 2016","February 23, 2018",2,0
The Hook Up Plan,Romantic comedy,"December 7, 2018","January 1, 2022",3,0
Osmosis,Science fiction/drama,"March 29, 2019","March 29, 2019",1,1
Family Business,Comedy,"June 28, 2019","October 8, 2021",3,0
Marianne,Horror drama,"September 13, 2019","September 13, 2019",1,1
Criminal: France,Police proceduralanthology series,"September 20, 2019","September 20, 2019",1,1
Vampires,Supernatural drama,"March 20, 2020","March 20, 2020",1,1
Mortel,Supernaturaldrama,"November 21, 2019","July 2, 2021",2,0
Into the Night,Science fiction,"May 1, 2020","September 8, 2021",2,0
La Révolution,Supernaturaldrama,"October 16, 2020","October 16, 2020",1,1
Dealer,Drama,"March 10, 2021","March 10, 2021",1,1
Gone for Good,Thriller,"August 13, 2021","August 13, 2021",1,1
Christmas Flow,Romantic comedy/Musical,"November 17, 2021","November 17, 2021",1,1
Standing Up,Comedy drama,"March 18, 2022","March 18, 2022",1,1
The 7 Lives of Lea,Supernatural drama,"April 28, 2022","April 28, 2022",1,1
Off the Hook,Comedy,"September 1, 2022","September 1, 2022",1,1
Notre-Dame,Drama,"October 19, 2022","October 19, 2022",1,1
Dark,Science fiction,"December 1, 2017","June 27, 2020",3,0
Dogs of Berlin,Drama,"December 7, 2018","December 7, 2018",1,1
How to Sell Drugs Online (Fast),Dark comedy,"May 31, 2019","July 27, 2021",3,0
Criminal: Germany,Police proceduralanthology series,"September 20, 2019","September 20, 2019",1,1
Skylines,Drama,"September 27, 2019","September 27, 2019",1,1
We Are the Wave,Drama,"November 1, 2019","November 1, 2019",1,1
Holiday Secrets,Drama,"November 20, 2019","November 20, 2019",1,1
Biohackers,Thriller,"August 20, 2020","July 9, 2021",2,0
The Last Word,Comedy drama,"September 17, 2020","September 17, 2020",1,1
Barbarians,Historical drama,"October 23, 2020","October 21, 2022",2,0
Over Christmas,Comedy,"November 27, 2020","November 27, 2020",1,1
Tribes of Europa,Science fiction,"February 19, 2021","February 19, 2021",1,1
The Billion Dollar Code,Legal thriller,"October 7, 2021","October 7, 2021",1,1
Life's a Glitch with Julien Bam,Science fictioncomedy-drama,"October 21, 2021","October 21, 2021",1,1
Kitz,Young adultmysterydrama,"December 30, 2021","December 30, 2021",1,1
King of Stonks,Comedy drama,"July 6, 2022","July 6, 2022",1,1
Sleeping Dog,Crime drama,"June 22, 2023","June 22, 2023",1,1
Sacred Games,Drama,"July 6, 2018","August 15, 2019",2,0
Ghoul,Horror,"August 24, 2018","August 24, 2018",1,1
Selection Day,Drama,"December 28, 2018","April 19, 2019",1,0
Leila,Drama,"June 14, 2019","June 14, 2019",1,1
Typewriter,Horror,"July 19, 2019","July 19, 2019",1,1
Bard of Blood,Espionage thriller,"September 27, 2019","September 27, 2019",1,1
Jamtara – Sabka Number Ayega,Crime drama,"January 10, 2020","September 23, 2022",2,0
Taj Mahal 1989,Romantic comedy,"February 14, 2020","February 14, 2020",1,1
Hasmukh,Comedy,"April 17, 2020","April 17, 2020",1,1
Betaal,Thriller,"May 24, 2020","May 24, 2020",1,1
Masaba Masaba,Drama,"August 28, 2020","July 29, 2022",2,0
Bhaag Beanie Bhaag,Comedy,"December 4, 2020","December 4, 2020",1,1
Bombay Begums,Drama,"March 8, 2021","March 8, 2021",1,1
Ray,Anthology series,"June 25, 2021","June 25, 2021",1,1
Feels Like Ishq,Anthology series,"July 23, 2021","July 23, 2021",1,1
Call My Agent: Bollywood,Workplacedramedy,"October 29, 2021","October 29, 2021",1,1
Aranyak,Crime thriller,"December 10, 2021","December 10, 2021",1,1
The Fame Game,Suspensefamily drama,"February 25, 2022","February 25, 2022",1,1
Mai: A Mother's Rage,Crime thriller,"April 15, 2022","April 15, 2022",1,1
Katla,Supernatural drama,"June 17, 2021","June 17, 2021",1,1
Suburra: Blood on Rome,Crime drama,"October 6, 2017","October 30, 2020",3,0
Baby,Drama,"November 30, 2018","September 16, 2020",3,0
Luna Nera,Historical drama,"January 31, 2020","January 31, 2020",1,1
Summertime,Teen drama,"April 29, 2020","May 4, 2022",3,0
Curon,Supernatural drama,"June 10, 2020","June 10, 2020",1,1
Zero,Superhero,"April 21, 2021","April 21, 2021",1,1
Generation 56K,Romantic comedy,"July 1, 2021","July 1, 2021",1,1
Luna Park,Drama,"September 30, 2021","September 30, 2021",1,1
An Astrological Guide for Broken Hearts,Romantic comedy,"October 27, 2021","March 8, 2022",2,0
Framed! A Sicilian Murder Mystery,Comedy,"January 1, 2022","March 2, 2023",2,0
"Devotion, a Story of Love and Desire",Romantic drama,"February 14, 2022","February 14, 2022",1,1
Hibana: Spark,Drama,"June 2, 2016","June 2, 2016",1,1
Midnight Diner: Tokyo Stories,Slice of life/Anthology series,"October 21, 2016","October 31, 2019",2,0
Samurai Gourmet,Slice of lifecomedy,"March 17, 2017","March 17, 2017",1,1
Blazing Transfer Students,Action comedy,"November 10, 2017","November 10, 2017",1,1
Erased,Supernaturalmystery,"December 15, 2017","December 15, 2017",1,1
Jimmy: The True Story of a True Idiot,Comedy,"July 20, 2018","July 20, 2018",1,1
Switched,Science fiction,"August 1, 2018","August 1, 2018",1,1
The Naked Director,Periodcomedy drama,"August 8, 2019","June 24, 2021",2,0
Followers,Drama,"February 27, 2020","February 27, 2020",1,1
The Forest of Love: Deep Cut,Drama,"April 30, 2020","April 30, 2020",1,1
Ju-On: Origins,Horror,"July 3, 2020","July 3, 2020",1,1
Creator's File: Gold,Mockumentary,"June 3, 2021","June 3, 2021",1,1
The Journalist,Drama,"January 13, 2022","January 13, 2022",1,1
Fishbowl Wives,Romantic drama,"February 14, 2022","February 14, 2022",1,1
My Only Love Song,Comedy,"June 9, 2017","June 9, 2017",1,1
YG Future Strategy Office,Comedy,"October 5, 2018","October 5, 2018",1,1
Kingdom,Periodhorrorthriller,"January 25, 2019","March 13, 2020",2,0
Persona,Anthology,"April 11, 2019","April 11, 2019",1,1
My First First Love,Romantic comedy,"April 18, 2019","July 26, 2019",2,0
Love Alarm,Romanticdramedy,"August 22, 2019","March 12, 2021",2,0
My Holo Love,Science fictionromance,"February 7, 2020","February 7, 2020",1,1
Extracurricular,Teen/crime drama,"April 29, 2020","April 29, 2020",1,1
The School Nurse Files,Fantasydrama,"September 25, 2020","September 25, 2020",1,1
Move to Heaven,Melodrama,"May 14, 2021","May 14, 2021",1,1
So Not Worth It,Sitcom,"June 18, 2021","June 18, 2021",1,1
My Name,Crime thriller,"October 15, 2021","October 15, 2021",1,1
The Silent Sea,Science fictionthriller,"December 24, 2021","December 24, 2021",1,1
Juvenile Justice,Legal drama,"February 25, 2022","February 25, 2022",1,1
The Sound of Magic,Musical/Romanticfantasy,"May 6, 2022","May 6, 2022",1,1
Remarriage & Desires,Melodrama,"July 15, 2022","July 15, 2022",1,1
A Model Family,Crime thriller,"August 12, 2022","August 12, 2022",1,1
Narco-Saints,Crime drama,"September 9, 2022","September 9, 2022",1,1
Glitch,Comedy thriller,"October 7, 2022","October 7, 2022",1,1
Nowhere Man,Thriller,"October 31, 2019","October 31, 2019",1,1
Triad Princess,Crime drama/romance,"December 6, 2019","December 6, 2019",1,1
The Ghost Bride,Mystery drama,"January 23, 2020","January 23, 2020",1,1
More than Blue: The Series,Romantic drama,"October 22, 2021","October 22, 2021",1,1
Light the Night,Suspense thriller/Melodrama,"November 26, 2021","March 18, 2022",3,0
"Mom, Don't Do That!",Romanticdramedy,"July 15, 2022","July 15, 2022",1,1
Shards of Her,Suspense thriller,"October 28, 2022","October 28, 2022",1,1
Home for Christmas,Comedy drama,"December 5, 2019","December 18, 2020",2,0
Ragnarok,Fantasysuperherodrama,"January 31, 2020","August 24, 2023",3,0
Bloodride,Horroranthology,"March 13, 2020","March 13, 2020",1,1
Post Mortem: No One Dies in Skarnes,Supernatural drama,"August 25, 2021","August 25, 2021",1,1
The Lørenskog Disappearance,Crime drama,"September 14, 2022","September 14, 2022",1,1
A Storm for Christmas,Comedy drama,"December 16, 2022","December 16, 2022",1,1
1983,Spy thriller,"November 30, 2018","November 30, 2018",1,1
The Woods,Thriller,"June 12, 2020","June 12, 2020",1,1
Open Your Eyes,Thriller,"August 25, 2021","August 25, 2021",1,1
Hold Tight,Thriller,"April 22, 2022","April 22, 2022",1,1
Cracow Monsters,Fantasy drama,"March 18, 2022","March 18, 2022",1,1
Queen,Drama,"June 23, 2022","June 23, 2022",1,1
Family Secrets,Comedy,"August 31, 2022","August 31, 2022",1,1
High Water,Drama,"October 5, 2022","October 5, 2022",1,1
Dead End,Dark comedy,"December 1, 2022","December 1, 2022",1,1
Glitter,Drama,"December 14, 2022","December 14, 2022",1,1
3%,Science fiction,"November 25, 2016","August 14, 2020",4,0
The Mechanism,Crime drama,"March 23, 2018","May 10, 2019",2,0
Samantha!,Comedy,"July 6, 2018","April 19, 2019",2,0
Girls from Ipanema,Period drama,"March 22, 2019","June 19, 2020",2,0
The Chosen One,Thrillerdrama,"June 28, 2019","December 6, 2019",2,0
Brotherhood,Crime drama,"October 25, 2019","May 11, 2022",2,0
Nobody's Looking,Comedy drama,"November 22, 2019","November 22, 2019",1,1
Omniscient,Science fiction,"January 29, 2020","January 29, 2020",1,1
Reality Z,Zombie horror,"June 10, 2020","June 10, 2020",1,1
Kissing Game,Thriller,"July 17, 2020","July 17, 2020",1,1
Glória,Thriller,"November 5, 2021","November 5, 2021",1,1
Summer Heat,Drama,"January 21, 2022","January 21, 2022",1,1
Maldivas,Comedy drama,"June 15, 2022","June 15, 2022",1,1
Unsuspicious,Comedy,"August 17, 2022","August 17, 2022",1,1
Only for Love,Musicaldrama,"September 21, 2022","September 21, 2022",1,1
Time Hustler,Comedy,"December 25, 2022","December 25, 2022",1,1
Lady Voyeur,Psychological thriller,"January 1, 2023","January 1, 2023",1,1
The Endless Night,Drama,"January 25, 2023","January 25, 2023",1,1
Club de Cuervos,Comedy drama,"August 7, 2015","January 26, 2019",4,0
Ingobernable,Political drama,"March 24, 2017","September 14, 2018",2,0
Cable Girls,Period drama,"April 28, 2017","July 3, 2020",5,0
Edha,Drama,"March 16, 2018","March 16, 2018",1,1
Club de Cuervos Presents: The Ballad of Hugo Sánchez,Comedy,"June 17, 2018","June 17, 2018",1,1
The House of Flowers,Comedy,"August 10, 2018","April 23, 2020",3,0
Diablero,Horrorfantasythriller,"December 21, 2018","January 31, 2020",2,0
Always a Witch,Supernaturaldrama,"February 1, 2019","February 28, 2020",2,0
Crime Diaries: The Candidate,Crimeanthology series,"March 22, 2019","March 22, 2019",1,1
Crime Diaries: Night Out,Crimeanthology series,"May 3, 2019","May 3, 2019",1,1
High Seas,Mysteryperiod drama,"May 24, 2019","August 7, 2020",3,0
Yankee,Drama,"June 14, 2019","June 14, 2019",1,1
Green Frontier,Crime drama/thriller,"August 16, 2019","August 16, 2019",1,1
Monarca,Family drama,"September 13, 2019","January 1, 2021",2,0
Criminal: Spain,Police proceduralanthology,"September 20, 2019","September 20, 2019",1,1
Hache,Thriller,"November 1, 2019","February 5, 2021",2,0
The Club,Crime drama,"November 15, 2019","November 15, 2019",1,1
Three Days of Christmas,Drama,"December 6, 2019","December 6, 2019",1,1
The Neighbor,Superherocomedy,"December 31, 2019","May 21, 2021",2,0
Puerta 7,Sportscrime drama,"February 21, 2020","February 21, 2020",1,1
Unstoppable,Comedy drama,"February 28, 2020","February 28, 2020",1,1
Almost Happy,Comedy,"May 1, 2020","April 13, 2022",2,0
Valeria,Comedy drama,"May 8, 2020","June 2, 2023",3,0
The Unremarkable Juanquini,Comedy,"May 15, 2020","April 30, 2021",2,0
Control Z,Teen drama,"May 22, 2020","July 6, 2022",3,0
The Search,Crimeanthology series,"June 12, 2020","June 12, 2020",1,1
Dark Desire,Thriller,"July 15, 2020","February 2, 2022",2,0
The Great Heist,Crime drama,"August 14, 2020","August 14, 2020",1,1
Someone Has to Die,Drama,"October 16, 2020","October 16, 2020",1,1
The Minions of Midas,Thriller,"November 13, 2020","November 13, 2020",1,1
The Mess You Leave Behind,Drama,"December 11, 2020","December 11, 2020",1,1
Sky Rojo,Actiondrama,"March 19, 2021","January 13, 2023",3,0
Who Killed Sara?,Crime drama,"March 24, 2021","May 18, 2022",3,0
The Innocent,Mysterythriller,"April 30, 2021","April 30, 2021",1,1
Somos.,Drama,"June 30, 2021","June 30, 2021",1,1
The War Next-door,Comedy,"July 7, 2021","June 17, 2022",2,0
The Kingdom,Crime drama,"August 13, 2021","March 22, 2023",2,0
Everything Will Be Fine,Dramedy,"August 20, 2021","August 20, 2021",1,1
Jaguar,Historical drama,"September 22, 2021","September 22, 2021",1,1
The Five Juanas,Comedy drama,"October 6, 2021","October 6, 2021",1,1
The Time It Takes,Drama,"October 29, 2021","October 29, 2021",1,1
Rebelde,Teen drama,"January 5, 2022","July 27, 2022",2,0
Feria: The Darkest Light,Fantasy,"January 28, 2022","January 28, 2022",1,1
Savage Rhythm,Drama,"March 2, 2022","March 2, 2022",1,1
Once Upon a Time... Happily Never After,Musical comedy,"March 11, 2022","March 11, 2022",1,1
Heirs to the Land,Period drama,"April 15, 2022","April 15, 2022",1,1
Welcome to Eden,Science fiction,"May 6, 2022","April 21, 2023",2,0
42 Days of Darkness,Crime thriller,"May 11, 2022","May 11, 2022",1,1
Intimacy,Drama,"June 10, 2022","June 10, 2022",1,1
The Longest Night,Crime drama,"July 8, 2022","July 8, 2022",1,1
Fanático,Drama,"July 29, 2022","July 29, 2022",1,1
High Heat,Drama,"August 17, 2022","August 17, 2022",1,1
The Girl in the Mirror,Supernatural drama,"August 19, 2022","August 19, 2022",1,1
You're Nothing Special,Comedy,"September 2, 2022","September 2, 2022",1,1
Santo,Thriller,"September 16, 2022","September 16, 2022",1,1
The Girls at the Back,Comedy drama,"September 23, 2022","September 23, 2022",1,1
The Fight for Justice: Paolo Guerrero,Biopic,"October 5, 2022","October 5, 2022",1,1
"Belascoarán, PI",Detective drama,"October 12, 2022","October 12, 2022",1,1
If Only,Drama,"October 28, 2022","October 28, 2022",1,1
Smiley,Comedy,"December 7, 2022","December 7, 2022",1,1
The Most Beautiful Flower,Teencomedy,"December 7, 2022","December 7, 2022",1,1
Against the Ropes,Comedy drama,"January 25, 2023","January 25, 2023",1,1
In Love All Over Again,Romantic drama,"February 14, 2023","February 14, 2023",1,1
Sky High: The Series,Crime drama,"March 17, 2023","March 17, 2023",1,1
A Perfect Story,Romance,"July 28, 2023","July 28, 2023",1,1
Quicksand,Crime drama,"April 5, 2019","April 5, 2019",1,1
Love & Anarchy,Romantic comedy,"November 4, 2020","June 16, 2022",2,0
Snabba Cash,Thriller,"April 7, 2021","September 22, 2022",2,0
The Unlikely Murderer,Crime dramaminiseries,"November 5, 2021","November 5, 2021",1,1
Anxious People,Comedy drama,"December 29, 2021","December 29, 2021",1,1
Clark,Drama,"May 5, 2022","May 5, 2022",1,1
The Playlist,Docu-dramaminiseries,"October 13, 2022","October 13, 2022",1,1
Paava Kadhaigal,Anthology series,"December 18, 2020","December 18, 2020",1,1
Navarasa,Anthology series,"August 6, 2021","August 6, 2021",1,1
Pitta Kathalu,Anthology series,"February 19, 2021","February 19, 2021",1,1
The Stranded,Fantasydrama,"November 14, 2019","November 14, 2019",1,1
Bangkok Breaking,Thriller,"September 23, 2021","September 23, 2021",1,1
Hurts Like Hell,Sports drama,"July 13, 2022","July 13, 2022",1,1
School Tales The Series,Horroranthology,"August 10, 2022","August 10, 2022",1,1
Thai Cave Rescue,Drama,"September 22, 2022","September 22, 2022",1,1
The Protector,Supernaturalmystery,"December 14, 2018","July 9, 2020",4,0
The Gift,Supernatural drama,"December 27, 2019","June 17, 2021",3,0
Love 101,Teen drama,"April 24, 2020","September 30, 2021",2,0
Ethos,Drama,"November 12, 2020","November 12, 2020",1,1
50M2,Dark comedy,"January 27, 2021","January 27, 2021",1,1
Fatma,Crime drama,"April 27, 2021","April 27, 2021",1,1
Wild Abandon,Drama,"March 30, 2022","March 30, 2022",1,1
Yakamoz S-245,Drama,"April 20, 2022","April 20, 2022",1,1
Another Self,Drama,"July 28, 2022","July 28, 2022",1,1
Man on Pause,Comedy,"October 7, 2022","October 7, 2022",1,1
Hot Skull,Science fiction,"December 2, 2022","December 2, 2022",1,1
The Brave Ones,Fantasydrama,"September 16, 2022","September 16, 2022",1,1
Chef's Table,Food/Culinary art,"April 26, 2015","February 22, 2019",6,0
Making a Murderer,True crime,"December 18, 2015","October 19, 2018",2,0
Chelsea Does,Society,"January 23, 2016","January 23, 2016",1,1
Cooked,Food/Culinary art,"February 19, 2016","February 19, 2016",1,1
Last Chance U,Sports,"July 29, 2016","July 28, 2020",5,0
Fearless,Sports,"August 19, 2016","August 19, 2016",1,1
Chef's Table: France,Food/Culinary art,"September 2, 2016","September 2, 2016",1,1
Roman Empire,History,"November 11, 2016","April 5, 2019",3,0
Captive,True crime,"December 9, 2016","December 9, 2016",1,1
Abstract: The Art of Design,Biography,"February 10, 2017","September 25, 2019",2,0
Five Came Back,History,"March 31, 2017","March 31, 2017",1,1
Hot Girls Wanted: Turned On,Sex industry,"April 21, 2017","April 21, 2017",1,1
The Keepers,True crime,"May 19, 2017","May 19, 2017",1,1
Daughters of Destiny,Society,"July 28, 2017","July 28, 2017",1,1
Fire Chasers,Professions,"September 8, 2017","September 8, 2017",1,1
The Confession Tapes,True crime,"September 8, 2017","June 21, 2019",2,0
Jack Whitehall: Travels with My Father,Travel,"September 22, 2017","September 14, 2021",5,0
The Day I Met El Chapo,Biography,"October 20, 2017","October 20, 2017",1,1
Shot in the Dark,True crime,"November 17, 2017","November 17, 2017",1,1
Wormwood,True crime,"December 15, 2017",6 chapters,4,0
72 Dangerous Animals: Latin America,Nature,"December 22, 2017","December 22, 2017",1,1
Dope,Drugs,"December 22, 2017","June 28, 2019",3,0
The Toys That Made Us,Toy industry,"December 22, 2017","November 15, 2019",3,0
Rotten,Food industry,"January 5, 2018","October 4, 2019",2,0
Drug Lords,Drugs,"January 19, 2018","July 10, 2018",2,0
Dirty Money,Finance,"January 26, 2018","March 11, 2020",2,0
Coach Snoop,Sports,"February 2, 2018","February 2, 2018",1,1
First Team: Juventus,Sports,"February 16, 2018","July 6, 2018",1,0
Ugly Delicious,Food/Culinary art,"February 23, 2018","March 6, 2020",2,0
Flint Town,Professions,"March 2, 2018","March 2, 2018",1,1
Girls Incarcerated,Society,"March 2, 2018","June 21, 2019",2,0
Wild Wild Country,Biography,"March 16, 2018","March 16, 2018",1,1
Rapture,Music,"March 30, 2018","March 30, 2018",1,1
Bobby Kennedy for President,History,"April 27, 2018",4 chapters,5,0
Evil Genius: The True Story of America's Most Diabolical Bank Heist,True crime,"May 11, 2018","May 11, 2018",1,1
Explained,Various,"May 23, 2018","October 15, 2021",3,0
November 13: Attack on Paris,True crime,"June 1, 2018","June 1, 2018",1,1
Dark Tourist,Travel,"July 20, 2018","July 20, 2018",1,1
Marching Orders,Subcultures,"August 3, 2018","August 3, 2018",1,1
72 Dangerous Animals: Asia,Nature,"August 10, 2018","August 10, 2018",1,1
Afflicted,Health,"August 10, 2018","August 10, 2018",1,1
Follow This,Various,"August 23, 2018","November 1, 2018",3,0
First and Last,True crime,"September 7, 2018","September 7, 2018",1,1
Boca Juniors Confidential,Sports,"September 14, 2018","September 14, 2018",1,1
Salt Fat Acid Heat,Travel/Food,"October 11, 2018","October 11, 2018",1,1
FightWorld,Travel/Sports,"October 12, 2018","October 12, 2018",1,1
Terrorism Close Calls,Professions,"October 26, 2018","October 26, 2018",1,1
Medal of Honor,Biography,"November 9, 2018","November 9, 2018",1,1
Dogs,Pets,"November 16, 2018","July 7, 2021",2,0
Vai Anitta,Music,"November 16, 2018","November 16, 2018",1,1
Inside the Real Narcos,Drugs,"December 14, 2018","December 14, 2018",1,1
The Innocent Man,True crime,"December 14, 2018","December 14, 2018",1,1
7 Days Out,Professions,"December 21, 2018","December 21, 2018",1,1
Murder Mountain,True crime,"December 28, 2018","December 28, 2018",1,1
Trigger Warning with Killer Mike,Society,"January 18, 2019","January 18, 2019",1,1
Conversations with a Killer: The Ted Bundy Tapes,True crime,"January 24, 2019","January 24, 2019",1,1
Examination of Conscience,True crime,"January 25, 2019","January 25, 2019",1,1
Larry Charles' Dangerous World of Comedy,Travel/Professions,"February 15, 2019","February 15, 2019",1,1
Losers,Sports,"March 1, 2019","March 1, 2019",1,1
Cricket Fever: Mumbai Indians,Sports,"March 1, 2019","March 1, 2019",1,1
The Disappearance of Madeleine McCann,True crime,"March 15, 2019","March 15, 2019",1,1
Street Food: Asia,Food/Culinary art,"April 26, 2019","April 26, 2019",1,1
1994,True crime,"May 17, 2019","May 17, 2019",1,1
Killer Ratings,True crime,"May 31, 2019","May 31, 2019",1,1
The Chef Show,Food/Culinary art,"June 7, 2019","September 24, 2020",2,0
The Alcàsser Murders,True crime,"June 14, 2019","June 14, 2019",1,1
Exhibit A,True crime,"June 28, 2019","June 28, 2019",1,1
The Last Czars,History,"July 3, 2019","July 3, 2019",1,1
Taco Chronicles,Food/Culinary art,"July 12, 2019","November 23, 2022",3,0
The Family,Politics,"August 9, 2019","August 9, 2019",1,1
Happy Jail,Society,"August 14, 2019","August 14, 2019",1,1
Diagnosis,Health,"August 16, 2019","August 16, 2019",1,1
"The Mind, Explained",Health,"September 12, 2019","November 19, 2021",2,0
Inside Bill's Brain: Decoding Bill Gates,Biography,"September 20, 2019","September 20, 2019",1,1
Living Undocumented,Society,"October 2, 2019","October 2, 2019",1,1
Unnatural Selection,Health,"October 18, 2019","October 18, 2019",1,1
"Breakfast, Lunch & Dinner",Travel/Food,"October 23, 2019","October 23, 2019",1,1
The Devil Next Door,True crime,"November 4, 2019","November 4, 2019",1,1
Maradona in Mexico,Sports,"November 13, 2019","November 13, 2019",1,1
Who Killed Little Gregory?,True crime,"November 20, 2019","November 20, 2019",1,1
Narcoworld: Dope Stories,Drugs,"November 22, 2019","November 22, 2019",1,1
Broken,Professions,"November 27, 2019","November 27, 2019",1,1
The Movies That Made Us,Film industry,"November 29, 2019","October 12, 2021",3,0
The Confession Killer,True crime,"December 6, 2019","December 6, 2019",1,1
Don't F**k with Cats: Hunting an Internet Killer,True crime,"December 18, 2019","December 18, 2019",1,1
Kevin Hart: Don't F**k This Up,Biography,"December 27, 2019","December 27, 2019",1,1
Arashi's Diary -Voyage-,Music,"December 31, 2019","February 28, 2021",2,0
"Sex, Explained",Sex,"January 2, 2020","January 2, 2020",1,1
Cheer,Sports,"January 8, 2020","January 12, 2022",2,0
Killer Inside: The Mind of Aaron Hernandez,True crime,"January 15, 2020","January 15, 2020",1,1
Pandemic: How to Prevent an Outbreak,Health,"January 22, 2020","January 22, 2020",1,1
Rise of Empires: Ottoman,History,"January 24, 2020","December 29, 2022",2,0
Night on Earth,Nature,"January 29, 2020","January 29, 2020",1,1
The Pharmacist,True crime,"February 5, 2020","February 5, 2020",1,1
Babies,Human development,"February 21, 2020","June 19, 2020",2,0
The Trials of Gabriel Fernandez,True crime,"February 26, 2020","February 26, 2020",1,1
"Tiger King: Murder, Mayhem and Madness",True crime,"March 20, 2020","November 17, 2021",2,0
How to Fix a Drug Scandal,True crime,"April 1, 2020","April 1, 2020",1,1
The Innocence Files,True crime,"April 15, 2020","April 15, 2020",1,1
Absurd Planet,Nature,"April 22, 2020","April 22, 2020",1,1
"Coronavirus, Explained",Health,"April 26, 2020","April 26, 2020",1,1
Trial by Media,True crime,"May 11, 2020","May 11, 2020",1,1
History 101,History,"May 22, 2020","August 25, 2022",2,0
Jeffrey Epstein: Filthy Rich,True crime,"May 27, 2020","May 27, 2020",1,1
Lenox Hill,Health,"June 10, 2020","June 10, 2020",1,1
Home Game,Sports,"June 26, 2020","June 26, 2020",1,1
Down to Earth with Zac Efron,Travel,"July 10, 2020","November 11, 2022",2,0
The Business of Drugs,Drugs,"July 14, 2020","July 14, 2020",1,1
Street Food: Latin America,Food/Culinary art,"July 21, 2020","July 21, 2020",1,1
Fear City: New York vs The Mafia,History,"July 22, 2020","July 22, 2020",1,1
Connected,Society,"August 2, 2020","August 2, 2020",1,1
Immigration Nation,Society,"August 3, 2020","August 3, 2020",1,1
Mystery Lab,Various,"August 4, 2020","August 4, 2020",1,1
World's Most Wanted,True crime,"August 5, 2020","August 5, 2020",1,1
Tiny Creatures,Nature,"August 7, 2020","August 7, 2020",1,1
High Score,Video game industry,"August 19, 2020","August 19, 2020",1,1
Chef's Table: BBQ,Food/Culinary art,"September 2, 2020","September 2, 2020",1,1
La Línea: Shadow of Narco,Drugs,"September 9, 2020","September 9, 2020",1,1
Challenger: The Final Flight,History,"September 16, 2020","September 16, 2020",1,1
The Playbook,Sports/Biography,"September 22, 2020","September 22, 2020",1,1
A Perfect Crime,True crime,"September 25, 2020","September 25, 2020",1,1
"Whose Vote Counts, Explained",Politics,"September 28, 2020","September 28, 2020",1,1
Song Exploder,Music,"October 2, 2020","December 15, 2020",2,0
Bad Boy Billionaires: India,True crime,"October 5, 2020","October 5, 2020",1,1
Deaf U,Society,"October 9, 2020","October 9, 2020",1,1
Move,Subcultures,"October 23, 2020","October 23, 2020",1,1
Carmel: Who Killed Maria Marta?,True crime,"November 5, 2020","November 5, 2020",1,1
Trial 4,True crime,"November 11, 2020","November 11, 2020",1,1
Voices of Fire,Music,"November 20, 2020","November 20, 2020",1,1
Alien Worlds,Speculative,"December 2, 2020","December 2, 2020",1,1
Room 2806: The Accusation,True crime,"December 7, 2020","December 7, 2020",1,1
The Surgeon's Cut,Health,"December 9, 2020","December 9, 2020",1,1
Anitta: Made In Honório,Music,"December 16, 2020","December 16, 2020",1,1
Break it All: The History of Rock in Latin America,Music,"December 16, 2020","December 16, 2020",1,1
The Ripper,True crime,"December 16, 2020","December 16, 2020",1,1
SanPa: Sins of the Savior,Biography,"December 30, 2020","December 30, 2020",1,1
Headspace Guide to Meditation,Lifestyle,"January 1, 2021","January 1, 2021",1,1
History of Swear Words,Cultural history,"January 5, 2021","January 5, 2021",1,1
Surviving Death,Parapsychology,"January 6, 2021","January 6, 2021",1,1
Pretend It's a City,Biography,"January 8, 2021","January 8, 2021",1,1
Night Stalker: The Hunt For a Serial Killer,True crime,"January 13, 2021","January 13, 2021",1,1
Spycraft,Technology,"January 20, 2021","January 20, 2021",1,1
We Are: The Brooklyn Saints,Sports,"January 29, 2021","January 29, 2021",1,1
Crime Scene: The Vanishing at the Cecil Hotel,True crime,"February 10, 2021","February 10, 2021",1,1
Amend: The Fight for America,Politics,"February 17, 2021","February 17, 2021",1,1
Murder Among the Mormons,True crime,"March 3, 2021","March 3, 2021",1,1
Nevenka: Breaking the Silence,True crime,"March 5, 2021","March 5, 2021",1,1
The Houseboat,Lifestyle,"March 9, 2021","March 9, 2021",1,1
Last Chance U: Basketball,Sports,"March 10, 2021","December 13, 2022",2,0
The Lost Pirate Kingdom,History,"March 15, 2021","March 15, 2021",1,1
Worn Stories,Fashion industry,"April 1, 2021","April 1, 2021",1,1
This Is a Robbery: The World's Biggest Art Heist,True crime,"April 7, 2021","April 7, 2021",1,1
My Love: Six Stories of True Love,Relationships,"April 13, 2021","April 13, 2021",1,1
Headspace Guide to Sleep,Lifestyle,"April 28, 2021","April 28, 2021",1,1
The Sons of Sam: A Descent Into Darkness,True crime,"May 5, 2021","May 5, 2021",1,1
"Money, Explained",Finance,"May 11, 2021","May 11, 2021",1,1
Penguin Town,Nature,"June 16, 2021","June 16, 2021",1,1
Sophie: A Murder in West Cork,True crime,"June 30, 2021","June 30, 2021",1,1
Cat People,Pets/Subcultures,"July 7, 2021","July 7, 2021",1,1
Elize Matsunaga: Once Upon a Crime,True crime,"July 8, 2021","July 8, 2021",1,1
How to Become a Tyrant,Politics,"July 9, 2021","July 9, 2021",1,1
Heist,True crime,"July 14, 2021","July 14, 2021",1,1
Naomi Osaka,Biography/Sports,"July 16, 2021","July 16, 2021",1,1
Myth & Mogul: John DeLorean,Biography,"July 30, 2021","July 30, 2021",1,1
Cocaine Cowboys: The Kings of Miami,True crime,"August 4, 2021","August 4, 2021",1,1
John of God: The Crimes of a Spiritual Healer,True crime,"August 25, 2021","August 25, 2021",1,1
Turning Point: 9/11 and the War on Terror,History,"September 1, 2021","September 1, 2021",1,1
Countdown: Inspiration4 Mission to Space,Technology,"September 6, 2021","September 30, 2021",5,0
Crime Stories: India Detectives,True crime,"September 22, 2021","September 22, 2021",1,1
Monsters Inside: The 24 Faces of Billy Milligan,True crime,"September 22, 2021","September 22, 2021",1,1
"Vendetta: Truth, Lies and The Mafia",True crime,"September 24, 2021","September 24, 2021",1,1
A Sinister Sect: Colonia Dignidad,True crime,"October 1, 2021","October 1, 2021",1,1
Bad Sport,Sports/True crime,"October 6, 2021","October 6, 2021",1,1
House of Secrets: The Burari Deaths,True crime,"October 8, 2021","October 8, 2021",1,1
The Raincoat Killer: Chasing a Predator in Korea,True crime,"October 22, 2021","October 22, 2021",1,1
The Motive,True crime,"October 28, 2021","October 28, 2021",1,1
Where is Marta?,True crime,"November 5, 2021","November 5, 2021",1,1
Your Life is a Joke,Professions,"November 9, 2021","November 9, 2021",1,1
Animal,Nature,"November 10, 2021","March 18, 2022",2,0
Reasonable Doubt: A Tale of Two Kidnappings,True crime,"November 23, 2021","November 23, 2021",1,1
Dig Deeper: The Disappearance of Birgit Meier,True crime,"November 26, 2021","November 26, 2021",1,1
Voir,Film industry,"December 6, 2021","December 6, 2021",1,1
Tiger King: The Doc Antle Story,Biography,"December 10, 2021","December 10, 2021",1,1
Stories of a Generation – with Pope Francis,Society,"December 25, 2021","December 25, 2021",1,1
Crime Scene: The Times Square Killer,True crime,"December 29, 2021","December 29, 2021",1,1
The Puppet Master: Hunting the Ultimate Conman,True crime,"January 18, 2022","January 18, 2022",1,1
Heavenly Bites: Mexico,Food,"January 19, 2022","January 19, 2022",1,1
Midnight Asia: Eat. Dance. Dream.,Travel,"January 20, 2022","January 20, 2022",1,1
Neymar: The Perfect Chaos,Sports/Biography,"January 25, 2022","January 25, 2022",1,1
Jeen-Yuhs: A Kanye Trilogy,Biography,"February 16, 2022","March 2, 2022",3,0
Race: Bubba Wallace,Sports/Biography,"February 22, 2022","February 22, 2022",1,1
Worst Roommate Ever,True crime,"March 1, 2022","March 1, 2022",1,1
The Andy Warhol Diaries,Biography,"March 9, 2022","March 9, 2022",1,1
Bad Vegan: Fame. Fraud. Fugitives.,True crime,"March 16, 2022","March 16, 2022",1,1
The Great Robbery of Brazil's Central Bank,True crime,"March 16, 2022","March 16, 2022",1,1
The Principles of Pleasure,Sex,"March 22, 2022","March 22, 2022",1,1
800 Meters,True crime,"March 25, 2022","March 25, 2022",1,1
Johnny Hallyday: Beyond Rock,Biography,"March 29, 2022","March 29, 2022",1,1
Jimmy Savile: A British Horror Story,True crime,"April 6, 2022","April 6, 2022",1,1
Senzo: Murder of a Soccer Star,True crime,"April 7, 2022","April 7, 2022",1,1
Our Great National Parks,Nature,"April 13, 2022","April 13, 2022",1,1
Conversations with a Killer: The John Wayne Gacy Tapes,True crime,"April 20, 2022","April 20, 2022",1,1
Meltdown:Three Mile Island,History,"May 4, 2022","May 4, 2022",1,1
Wild Babies,Nature,"May 5, 2022","May 5, 2022",1,1
The G Word withAdam Conover,Politics,"May 19, 2022","May 19, 2022",1,1
Mr. Good: Cop or Crook?,True crime,"June 3, 2022","June 3, 2022",1,1
Keep Sweet: Pray and Obey,True crime,"June 8, 2022","June 8, 2022",1,1
"Web of Make Believe: Death, Lies and the Internet",True crime,"June 15, 2022","June 15, 2022",1,1
The Future Of,Technology,"June 21, 2022","June 28, 2022",1,0
The Hidden Lives of Pets,Pets,"June 22, 2022","June 22, 2022",1,1
How to Change Your Mind,Lifestyle,"July 12, 2022","July 12, 2022",1,1
D. B. Cooper: Where Are You?!,True crime,"July 13, 2022","July 13, 2022",1,1
Indian Predator: The Butcher of Delhi,True crime,"July 20, 2022","July 20, 2022",1,1
Street Food: USA,Food/Culinary art,"July 26, 2022","July 26, 2022",1,1
The Most Hated Man on the Internet,True crime,"July 27, 2022","July 27, 2022",1,1
Trainwreck:Woodstock '99,Music,"August 3, 2022","August 3, 2022",1,1
I Just Killed My Dad,True crime,"August 9, 2022","August 9, 2022",1,1
Untold: The Girlfriend Who Didn't Exist,Sports,"August 16, 2022","August 16, 2022",1,1
A Kidnapping Scandal: The Florence Cassez Affair,True crime,"August 25, 2022","August 25, 2022",1,1
Club América vs Club América,Sports,"August 31, 2022","August 31, 2022",1,1
Chef's Table: Pizza,Food/Culinary art,"September 7, 2022","September 7, 2022",1,1
Indian Predator: The Diary of a Serial Killer,True crime,"September 7, 2022","September 7, 2022",1,1
Sins of Our Mother,True crime,"September 14, 2022","September 14, 2022",1,1
Terim,Sports/Biography,"September 15, 2022","September 15, 2022",1,1
Fortune Seller: A TV Scam,True crime,"September 21, 2022","September 21, 2022",1,1
The Real Bling Ring: Hollywood Heist,True crime,"September 21, 2022","September 21, 2022",1,1
Eat the Rich: TheGameStopSaga,Society,"September 28, 2022","September 28, 2022",1,1
Human Playground,Sports,"September 30, 2022","September 30, 2022",1,1
Aftershock: Everest and theNepal Earthquake,Natural disasters,"October 6, 2022","October 6, 2022",1,1
Conversations with a Killer: The Jeffrey Dahmer Tapes,True crime,"October 7, 2022","October 7, 2022",1,1
Island of the Sea Wolves,Nature,"October 12, 2022","October 12, 2022",1,1
Sue Perkins: Perfectly Legal,Travel/Food,"October 13, 2022","October 13, 2022",1,1
Take 1,Music,"October 14, 2022","October 14, 2022",1,1
Vatican Girl: The Disappearance ofEmanuela Orlandi,True crime,"October 20, 2022","October 20, 2022",1,1
Earthstorm,Natural disasters,"October 27, 2022","October 27, 2022",1,1
Indian Predator: Murder in a Courtroom,True crime,"October 28, 2022","October 28, 2022",1,1
My Encounter with Evil,True crime,"October 28, 2022","October 28, 2022",1,1
Killer Sally,True crime,"November 3, 2022","November 3, 2022",1,1
FIFA Uncovered,Sports,"November 9, 2022","November 9, 2022",1,1
Ancient Apocalypse,History,"November 11, 2022","November 11, 2022",1,1
"Pepsi, Where's My Jet?",Society,"November 17, 2022","November 17, 2022",1,1
Our Universe,Nature,"November 22, 2022","November 22, 2022",1,1
"Blood, Sex & Royalty",History,"November 23, 2022","November 23, 2022",1,1
Crime Scene: The Texas Killing Fields,True crime,"November 29, 2022","November 29, 2022",1,1
Harry & Meghan,Biography,"December 8, 2022","December 15, 2022",6,0
Beast of Bangalore: Indian Predator,True crime,"December 16, 2022","December 16, 2022",1,1
Live to Lead,Biography,"December 31, 2022","December 31, 2022",1,1
Madoff: The Monster of Wall Street,True crime,"January 4, 2023","January 4, 2023",1,1
Gunther's Millions,Society/Pets,"February 1, 2023","February 1, 2023",1,1
Bill Russell: Legend,Biography/Sports,"February 8, 2023","February 8, 2023",1,1
Murdaugh Murders: A Southern Scandal,True crime,"February 22, 2023","February 22, 2023",1,1
Monique Olivier: Accessory to Evil,True crime,"March 2, 2023","March 2, 2023",1,1
MH370: The Plane That Disappeared,Society,"March 8, 2023","March 8, 2023",1,1
Waco: American Apocalypse,True crime,"March 22, 2023","March 22, 2023",1,1
McGregorForever,Sports/Biography,"May 17, 2023","May 17, 2023",1,1
Working: What We Do All Day,Society,"May 17, 2023","May 17, 2023",1,1
Arnold,Biography,"June 7, 2023","June 7, 2023",1,1
Muscles & Mayhem: An Unauthorized Story of American Gladiators,Television industry,"June 28, 2023","June 28, 2023",1,1
The Last Hours of Mario Biondo,True crime,"August 3, 2023","August 3, 2023",1,1
Ladies First: A Story of Women in Hip-Hop,Music,"August 9, 2023","August 9, 2023",1,1
Untold: Swamp Kings,Sports,"August 22, 2023","August 22, 2023",1,1
White Rabbit Project,Science investigation,"December 9, 2016","December 9, 2016",1,1
Chasing Cameron,Celebrity,"December 27, 2016","December 27, 2016",1,1
Ultimate Beastmaster,Competition,"February 24, 2017","August 31, 2018",3,0
Nailed It!,Baking competition,"March 9, 2018","October 5, 2022",7,0
Fastest Car,Motoring,"April 6, 2018","September 20, 2019",2,0
Cooking on High,Cooking show,"June 22, 2018","June 22, 2018",1,1
Sugar Rush,Baking competition,"July 13, 2018","July 31, 2020",3,0
Amazing Interiors,Reality,"July 20, 2018","July 20, 2018",1,1
Magic for Humans,Reality,"August 17, 2018","May 15, 2020",3,0
Stay Here,Reality,"August 17, 2018","August 17, 2018",1,1
Battlefish,Reality,"September 21, 2018","September 21, 2018",1,1
Made in Mexico,Reality,"September 28, 2018","September 28, 2018",1,1
Dancing Queen,Celebrity,"October 5, 2018","October 5, 2018",1,1
Haunted,Horror,"October 19, 2018","May 14, 2021",3,0
Westside,Music,"November 9, 2018","November 9, 2018",1,1
The Final Table,Culinary competition,"November 20, 2018","November 20, 2018",1,1
Death by Magic,Reality,"November 30, 2018","November 30, 2018",1,1
Tidying Up with Marie Kondo,Reality show,"January 1, 2019","January 1, 2019",1,1
Nailed It! Mexico,Reality,"February 8, 2019","January 5, 2021",3,0
Dating Around,Reality,"February 14, 2019","June 12, 2020",2,0
You vs. Wild,Interactivereality,"April 10, 2019","April 10, 2019",1,1
Flinch,Game show,"May 3, 2019","May 3, 2019",1,1
Jailbirds,Reality television,"May 10, 2019","May 10, 2019",1,1
Awake: The Million Dollar Game,Reality television,"June 14, 2019","June 14, 2019",1,1
Extreme Engagement,Reality television,"July 12, 2019","July 12, 2019",1,1
Basketball or Nothing,Reality competition,"August 2, 2019","August 2, 2019",1,1
Hyperdrive,Reality competition,"August 21, 2019","August 21, 2019",1,1
Styling Hollywood,Reality television,"August 30, 2019","August 30, 2019",1,1
Nailed It! France,Reality competition,"October 25, 2019","October 25, 2019",1,1
Nailed It! Spain,Reality competition,"October 25, 2019","October 25, 2019",1,1
Prank Encounters,Prank show,"October 25, 2019","April 1, 2021",2,0
I'm with the Band: Nasty Cherry,Reality television,"November 15, 2019","November 15, 2019",1,1
No Time for Shame,Reality television,"November 19, 2019","November 19, 2019",1,1
Singapore Social,Reality,"November 22, 2019","November 22, 2019",1,1
Sugar Rush Christmas,Baking competition,"November 29, 2019","November 27, 2020",2,0
Until Dawn,Reality competition,"January 10, 2020","January 10, 2020",1,1
Nailed It! Germany,Reality competition,"January 17, 2020","January 17, 2020",1,1
The Goop Lab with Gwyneth Paltrow,Reality television,"January 24, 2020","January 24, 2020",1,1
What the Love! with Karan Johar,Dating show,"January 30, 2020","January 30, 2020",1,1
The Circle Brazil,Reality competition,"March 11, 2020","March 11, 2020",1,1
100 Humans,Reality competition,"March 13, 2020","March 13, 2020",1,1
The Circle France,Reality competition,"April 9, 2020","April 9, 2020",1,1
Cooked with Cannabis,Reality competition,"April 20, 2020","April 20, 2020",1,1
The Big Flower Fight,Reality competition,"May 18, 2020","May 18, 2020",1,1
Floor Is Lava,Game show,"June 19, 2020","September 30, 2022",3,0
Twogether,Travelreality,"June 26, 2020","June 26, 2020",1,1
Say I Do,Reality,"July 1, 2020","July 1, 2020",1,1
Southern Survival,Reality,"July 3, 2020","July 3, 2020",1,1
Dating Around: Brazil,Reality,"July 10, 2020","July 10, 2020",1,1
Skin Decision: Before and After,Reality,"July 15, 2020","July 15, 2020",1,1
Sing On! Spain,Singing contest,"July 24, 2020","July 24, 2020",1,1
Sing On! Germany,Singing contest,"August 7, 2020","August 7, 2020",1,1
(Un)well,Reality,"August 12, 2020","August 12, 2020",1,1
DeMarcus Family Rules,Reality,"August 19, 2020","August 19, 2020",1,1
Million Dollar Beach House,Reality,"August 26, 2020","August 26, 2020",1,1
Get Organized with The Home Edit,Reality,"September 9, 2020","April 1, 2022",2,0
Sing On!,Singing contest,"September 16, 2020","September 16, 2020",1,1
The Cabin with Bert Kreischer,Reality,"October 13, 2020","October 13, 2020",1,1
Dream Home Makeover,Reality,"October 16, 2020","December 9, 2022",4,0
Country Ever After,Reality,"November 6, 2020","November 6, 2020",1,1
A Queen Is Born,Reality,"November 11, 2020","November 11, 2020",1,1
We Are the Champions,Reality,"November 17, 2020","November 17, 2020",1,1
Holiday Home Makeover with Mr. Christmas,Reality,"November 18, 2020","November 18, 2020",1,1
Best Leftovers Ever!,Reality competition,"December 30, 2020","December 30, 2020",1,1
Bling Empire,Reality,"January 15, 2021","October 5, 2022",3,0
Buried by the Bernards,Reality,"February 12, 2021","February 12, 2021",1,1
The Big Day,Reality,"February 14, 2021","April 7, 2021",2,0
Canine Intervention,Reality,"February 24, 2021","February 24, 2021",1,1
Marriage or Mortgage,Reality,"March 10, 2021","March 10, 2021",1,1
Magic for HumansSpain,Reality,"March 26, 2021","March 26, 2021",1,1
Haunted: Latin America,Reality show,"March 31, 2021","March 31, 2021",1,1
The Wedding Coach,Reality,"April 7, 2021","April 7, 2021",1,1
Pet Stars,Reality,"April 30, 2021","April 30, 2021",1,1
"Fresh, Fried and Crispy",Travelreality,"June 9, 2021","June 9, 2021",1,1
World's Most Amazing Vacation Rentals,Travelreality,"June 18, 2021","September 14, 2021",2,0
My Unorthodox Life,Reality,"July 14, 2021","December 2, 2022",2,0
Too Hot to Handle: Brazil,Dating show,"July 21, 2021","October 5, 2022",2,0
Tattoo Redo,Reality,"July 28, 2021","July 28, 2021",1,1
Cooking with Paris,Cooking show,"August 4, 2021","August 4, 2021",1,1
Motel Makeover,Reality,"August 25, 2021","August 25, 2021",1,1
Titletown High,Reality,"August 27, 2021","August 27, 2021",1,1
Sparking Joy,Reality,"August 31, 2021","August 31, 2021",1,1
How to Be a Cowboy,Reality,"September 1, 2021","September 1, 2021",1,1
Metal Shop Masters,Reality competition,"September 10, 2021","September 10, 2021",1,1
Too Hot to Handle: Latino,Reality,"September 15, 2021","September 29, 2021",1,0
Jailbirds: New Orleans,Reality,"September 24, 2021","September 24, 2021",1,1
Baking Impossible,Baking competition,"October 6, 2021","October 13, 2021",1,0
Insiders,Reality,"October 21, 2021","May 26, 2022",2,0
"Sex, Love & goop",Reality,"October 21, 2021","October 21, 2021",1,1
Swap Shop,Reality,"November 9, 2021","February 16, 2022",2,0
Love Never Lies,Reality,"November 11, 2021","November 18, 2021",1,0
New World,Reality,"November 20, 2021","December 11, 2021",1,0
The Fastest,Reality,"November 23, 2021","November 23, 2021",1,1
School of Chocolate,Reality competition,"November 26, 2021","November 26, 2021",1,1
Coming Out Colton,Reality,"December 3, 2021","December 3, 2021",1,1
The Family That Sings Together: The Camargos,Reality,"December 9, 2021","December 9, 2021",1,1
Twentysomethings: Austin,Reality,"December 10, 2021","December 17, 2021",1,0
The Hungry and the Hairy,Travelreality,"December 11, 2021","December 11, 2021",1,1
The Future Diary,Reality,"December 14, 2021","May 31, 2022",2,0
Selling Tampa,Docu-soap,"December 15, 2021","December 15, 2021",1,1
Hype House,Reality,"January 7, 2022","January 7, 2022",1,1
Getting Curious withJonathan Van Ness,Reality,"January 28, 2022","January 28, 2022",1,1
Love Is Blind: Japan,Dating show,"February 8, 2022","February 8, 2022",1,1
The Big Shot Game Show,Reality,"February 9, 2022","February 9, 2022",1,1
Making Fun,Reality,"March 4, 2022","March 4, 2022",1,1
Byron Baes,Reality,"March 9, 2022","March 9, 2022",1,1
Queer Eye: Germany,Makeover reality,"March 9, 2022","March 9, 2022",1,1
Life After Death withTyler Henry,Reality,"March 11, 2022","March 11, 2022",1,1
Bullsh*t The Game Show,Game show,"April 27, 2022","April 27, 2022",1,1
Iron Chef: Quest for an Iron Legend,Reality competition,"June 15, 2022","June 15, 2022",1,1
Snowflake Mountain,Reality,"June 22, 2022","June 22, 2022",1,1
First Class,Reality,"June 23, 2022","June 23, 2022",1,1
Pirate Gold of Adak Island,Reality,"June 29, 2022","June 29, 2022",1,1
How to Build a Sex Room,Reality,"July 8, 2022","July 8, 2022",1,1
Lady Tamara,Reality,"August 4, 2022","August 4, 2022",1,1
Instant Dream Home,Reality,"August 10, 2022","August 10, 2022",1,1
Iron Chef Brazil,Reality competition,"August 10, 2022","August 10, 2022",1,1
Queer Eye: Brazil,Makeover reality,"August 24, 2022","August 24, 2022",1,1
Drive Hard: The Maloof Way,Reality,"August 26, 2022","August 26, 2022",1,1
Buy My House,Reality,"September 2, 2022","September 2, 2022",1,1
Dated & Related,Reality,"September 2, 2022","September 2, 2022",1,1
Who Likes My Follower?,Reality,"September 8, 2022","September 8, 2022",1,1
Designing Miami,Reality,"September 21, 2022","September 21, 2022",1,1
Iron Chef Mexico,Reality competition,"September 21, 2022","September 21, 2022",1,1
Forever Queens,Reality competition,"October 2, 2022","October 2, 2022",1,1
Easy-Bake Battle: The Home Cooking Competition,Reality competition,"October 12, 2022","October 12, 2022",1,1
28 Days Haunted,Reality competition,"October 21, 2022","October 21, 2022",1,1
Drink Masters,Reality competition,"October 28, 2022","October 28, 2022",1,1
Love Never Lies: Destination Sardinia,Reality competition,"November 10, 2022","November 10, 2022",1,1
Run for the Money,Reality competition,"November 15, 2022","November 15, 2022",1,1
Mind Your Manners,Reality,"November 16, 2022","November 16, 2022",1,1
Korea No.1,Reality competition,"November 25, 2022","November 25, 2022",1,1
Snack vs. Chef,Reality competition,"November 30, 2022","November 30, 2022",1,1
Cook at All Costs,Reality competition,"December 16, 2022","December 16, 2022",1,1
Dance Monsters,Reality competition,"December 16, 2022","December 16, 2022",1,1
Summer Job,Reality,"December 16, 2022","December 16, 2022",1,1
Piñata Masters,Reality competition,"December 23, 2022","December 23, 2022",1,1
The Ultimatum: France,Dating show,"December 30, 2022","January 6, 2023",1,0
Bling Empire: New York,Reality,"January 20, 2023","January 20, 2023",1,1
Chelsea,Late-night,"May 11, 2016","December 15, 2017",2,0
Bill Nye Saves the World,Science,"April 21, 2017","May 11, 2018",3,0
My Next Guest Needs No Introduction with David Letterman,Interview,"January 12, 2018","May 20, 2022",4,0
The Joel McHale Show with Joel McHale,Comedy,"February 18, 2018","July 15, 2018",1,0
A Little Help with Carol Burnett,Talk show,"May 4, 2018","May 4, 2018",1,1
Busted!,Variety show,"May 4, 2018","January 22, 2021",3,0
The Break with Michelle Wolf,Late-night,"May 27, 2018","July 29, 2018",1,0
Norm Macdonald Has a Show,Talk show,"September 14, 2018","September 14, 2018",1,1
The Curious Creations of Christine McConnell,Cooking show,"October 12, 2018","October 12, 2018",1,1
Patriot Act with Hasan Minhaj,Talk show,"October 28, 2018","June 28, 2020",6,0
The Fix,Panel show,"December 14, 2018","December 14, 2018",1,1
J-Style Trip,Variety show,"March 21, 2020","June 13, 2020",1,0
Frank Elstner: Just One Last Question,Talk show,"June 12, 2020","June 12, 2020",1,1
Paik's Spirit,Talk show,"October 1, 2021","October 1, 2021",1,1
Azcárate: No Holds Barred,Talk show,"December 28, 2021","December 28, 2021",1,1
Alessandro Cattelan: One Simple Question,Talk show,"March 18, 2022","March 18, 2022",1,1
Fall in Love with Vinyasa,Fitness,"December 30, 2022","December 30, 2022",1,1
Feel-Good Fitness,Fitness,"December 30, 2022","December 30, 2022",1,1
Hit & Strength with Tara,Fitness,"December 30, 2022","December 30, 2022",1,1
Kickstart Fitness with the Basics,Fitness,"December 30, 2022","December 30, 2022",1,1
Two Weeks to a Stronger Core,Fitness,"December 30, 2022","December 30, 2022",1,1
Lilyhammer,Comedy drama,"February 6, 2012","November 21, 2014",3,0
Between,Science fiction,"May 21, 2015","July 1, 2016",2,0
Terrace House: Boys & Girls in the City,Reality television,"September 2, 2015","September 27, 2016",2,0
Atelier,Coming of agedrama,"December 1, 2015","December 1, 2015",1,1
Good Morning Call,Slice of life/Romantic comedy,"May 13, 2016","September 22, 2017",2,0
The Last Kingdom(season 2),Historical fiction,"July 6, 2016","July 6, 2016",1,1
Terrace House: Aloha State,Reality television,"November 1, 2016","August 29, 2017",4,0
Dirk Gently's Holistic Detective Agency,Comic science fiction,"December 11, 2016","December 16, 2017",2,0
Crazyhead,Comedy horror,"December 16, 2016","December 16, 2016",1,1
Travelers(seasons 1–2),Science fiction,"December 23, 2016","December 26, 2017",2,0
Frontier,Historical drama,"January 20, 2017","November 23, 2018",3,0
Anne with an E,Historical drama,"May 12, 2017","January 3, 2020",3,0
El Chapo,Crime drama,"June 16, 2017","July 27, 2018",3,0
Kantaro: The Sweet Tooth Salaryman,Comedy drama,"July 7, 2017","July 7, 2017",1,1
The Worst Witch,Children'sfantasy,"July 21, 2017","October 1, 2020",4,0
Million Yen Women,Romanticdark comedy,"August 15, 2017","August 15, 2017",1,1
Re:Mind,Psychological thriller,"October 13, 2017","October 13, 2017",1,1
Ainori Love Wagon: Asian Journey,Reality television,"October 26, 2017","March 28, 2019",2,0
Alias Grace,Historical drama,"November 3, 2017","November 3, 2017",1,1
Glitch(seasons 2–3),Paranormal-drama,"November 28, 2017","September 25, 2019",2,0
Terrace House: Opening New Doors,Reality television,"December 19, 2017","February 12, 2019",6,0
The End of the F***ing World,Dark comedy,"January 5, 2018","November 4, 2019",2,0
Mob Psycho 100,Supernatural/Action comedy,"January 12, 2018","January 12, 2018",1,1
Collateral,Thriller,"March 9, 2018","March 9, 2018",1,1
Requiem,Supernaturalthriller,"March 23, 2018","March 23, 2018",1,1
Troy: Fall of a City,Historical drama,"April 6, 2018","April 6, 2018",1,1
The Letdown,Comedy,"April 21, 2018","May 29, 2019",2,0
The New Legends of Monkey,Fantasyadventure,"April 27, 2018","August 7, 2020",2,0
Safe,Thriller,"May 10, 2018","May 10, 2018",1,1
Kiss Me First,Thriller,"June 29, 2018","June 29, 2018",1,1
I Am a Killer,True crimedocuseries,"August 3, 2018","December 21, 2022",4,0
Wanderlust,Drama,"October 19, 2018","October 19, 2018",1,1
Pine Gap,Political thriller,"December 7, 2018","December 7, 2018",1,1
Perfume,Thriller,"December 21, 2018","December 21, 2018",1,1
Watership Down,Animation/fantasy,"December 23, 2018","December 23, 2018",1,1
Black Earth Rising,Thriller,"January 25, 2019","January 25, 2019",1,1
Nightflyers,Science fiction,"February 1, 2019","February 1, 2019",1,1
Northern Rescue,Drama,"March 1, 2019","March 1, 2019",1,1
Traitors,Period drama,"March 29, 2019","March 29, 2019",1,1
Tijuana,Crime drama,"April 5, 2019","April 5, 2019",1,1
Undercover,Crime drama,"May 3, 2019","January 10, 2022",3,0
Terrace House: Tokyo 2019–2020,Reality television,"May 14, 2019","May 19, 2020",4,0
Ainori Love Wagon: African Journey,Reality television,"September 5, 2019","September 5, 2019",1,1
The Spy,Espionage thriller,"September 6, 2019","September 6, 2019",1,1
Drug Squad: Costa del Sol,Police procedural,"October 25, 2019","October 25, 2019",1,1
Zumbo's Just Desserts(season 2),Bakingreality competition,"November 17, 2019","November 17, 2019",1,1
The Bonfire of Destiny,Historical drama,"December 26, 2019","December 26, 2019",1,1
Dracula,Horror,"January 4, 2020","January 4, 2020",1,1
Giri/Haji,Crime thriller,"January 10, 2020","January 10, 2020",1,1
The Valhalla Murders,Crime drama,"March 13, 2020","March 13, 2020",1,1
Feel Good,Comedy,"March 19, 2020","June 4, 2021",2,0
Freud,Periodthriller,"March 23, 2020","March 23, 2020",1,1
The Last Dance,Docuseries,"April 20, 2020","May 18, 2020",1,0
Crazy Delicious,Cooking competition,"June 24, 2020","June 24, 2020",1,1
Alien TV,Hybridanimation,"August 21, 2020","March 19, 2021",2,0
I Am a Killer: Released,Docuseries,"August 28, 2020","August 28, 2020",1,1
Detention,Horror,"December 5, 2020","December 26, 2020",1,0
Under Suspicion: Uncovering the Wesphael Case,True crime,"March 17, 2021","March 17, 2021",1,1
The Serpent,True crime,"April 2, 2021","April 2, 2021",1,1
Life in Colour with David Attenborough,Naturedocuseries,"April 22, 2021","April 22, 2021",1,1
Dive Club,Mysteryteen drama,"September 3, 2021","September 3, 2021",1,1
On the Verge,Comedy,"September 7, 2021","September 7, 2021",1,1
Soil,Comedy drama,"March 17, 2022","March 17, 2022",1,1
Borgen– Power & Glory,Political drama,"April 14, 2022","April 14, 2022",1,1
He's Expecting,Comedy drama,"April 21, 2022","April 21, 2022",1,1
The Perfect Mother,Crime drama,"June 3, 2022","June 3, 2022",1,1
You Don't Know Me,Crime drama,"June 17, 2022","June 17, 2022",1,1
Fakes,Young adultcrime comedy,"September 2, 2022","September 2, 2022",1,1
Entrapped,Thriller,"September 8, 2022","September 8, 2022",1,1
I Am a Stalker,True crimedocuseries,"October 28, 2022","October 28, 2022",1,1
Inside Man,Crime drama,"October 31, 2022","October 31, 2022",1,1
Reign Supreme,Musicbiopic,"November 18, 2022","November 18, 2022",1,1
Irreverent,Comedy drama/Crime,"December 4, 2022","December 4, 2022",1,1
Don't Pick Up the Phone,Docuseries,"December 14, 2022","December 14, 2022",1,1
Woman of the Dead,Thriller,"January 5, 2023","January 5, 2023",1,1
Cunk on Earth,Mockumentary,"January 31, 2023","January 31, 2023",1,1
Trailer Park Boys(seasons 8–12),Mockumentary,"September 5, 2014","March 30, 2018",5,0
Lovesick(seasons 2–3),Comedy,"November 17, 2016","January 1, 2018",2,0
The Staircase(episodes 11–13),Docuseries,"June 8, 2018","June 8, 2018",1,1
Paquita Salas(seasons 2–3),Mockumentary,"June 29, 2018","June 28, 2019",2,0
Comedians in Cars Getting Coffee(seasons 10–11),Comedytalk show,"July 6, 2018","July 19, 2019",2,0
MeatEater(seasons 7–10),Docuseries,"October 2, 2018","February 2, 2022",4,0
Little Things(seasons 2–4),Romantic comedy,"October 5, 2018","October 15, 2021",3,0
Hip-Hop Evolution(seasons 2–4),Docuseries,"October 19, 2018","January 17, 2020",3,0
The Last Kingdom(seasons 3–5),Historical drama,"November 19, 2018","March 9, 2022",3,0
Travelers(season 3),Science fiction,"December 14, 2018","December 14, 2018",1,1
Slasher(season 3),Horror,"May 23, 2019","May 23, 2019",1,1
Designated Survivor(season 3),Political thriller,"June 7, 2019","June 7, 2019",1,1
Money Heist(parts 3–5),Heistcrime drama,"July 19, 2019","December 3, 2021",3,0
QB1: Beyond the Lights(season 3),Docuseries,"August 16, 2019","August 16, 2019",1,1
Unsolved Mysteries(seasons 15–16),Docuseries,"July 1, 2020","November 1, 2022",3,0
Blown Away(seasons 2–3),Reality,"January 22, 2021","July 22, 2022",2,0
Girl from Nowhere(season 2),Teenmystery thrilleranthology,"May 7, 2021","May 7, 2021",1,1
The A List(season 2),Teenmystery thriller,"June 25, 2021","June 25, 2021",1,1
Sexy Beasts(seasons 2–3),Dating show,"July 21, 2021","October 7, 2021",2,0
Takki(season 3),Drama,"October 28, 2021","October 28, 2021",1,1
El Marginal(seasons 4–5),Crime drama,"January 19, 2022","May 4, 2022",2,0
Tiger & Bunny(season 2),Anime,"April 8, 2022","October 7, 2022",1,0
Manifest(season 4),Supernaturaldrama,"November 4, 2022","June 2, 2023",1,0
Trailer Park Boys: Swearnet Live,Mockumentary,"October 1, 2014","October 1, 2014",1,1
Trailer Park Boys: Live at the North Pole,Mockumentary,"November 15, 2014","November 15, 2014",1,1
BoJack HorsemanChristmas Special: Sabrina's Christmas Wish,Animation,"December 19, 2014","December 19, 2014",1,1
Sense8: Creating the World,Making-of,"August 8, 2015","August 8, 2015",1,1
"Trailer Park Boys: Drunk, High and Unemployed Live in Austin",Mockumentary,"December 9, 2015","December 9, 2015",1,1
Marco Polo: One Hundred Eyes,Period drama,"December 26, 2015","December 26, 2015",1,1
Puss in Book: Trapped in an Epic Tale,Animation/interactive fiction,"June 20, 2017","June 20, 2017",1,1
Buddy Thunderstruck: The Maybe Pile,Animation/interactive fiction,"July 14, 2017","July 14, 2017",1,1
DreamWorks Home: For the Holidays,Animation,"December 1, 2017","December 1, 2017",1,1
A StoryBots Christmas,Animation,"December 1, 2017","December 1, 2017",1,1
Stretch Armstrong: The Breakout,Animation/interactive fiction,"March 13, 2018","March 13, 2018",1,1
Super MonstersSave Halloween,Animation,"October 5, 2018","October 5, 2018",1,1
"Club de CuervosPresents: I, Potro",Mockumentary,"October 19, 2018","October 19, 2018",1,1
Free Rein: The Twelve Neighs of Christmas,Teen drama,"December 7, 2018","December 7, 2018",1,1
Super Monstersand the Wish Star,Animation,"December 7, 2018","December 7, 2018",1,1
Prince of Peoria: A Christmas Moose Miracle,Sitcom,"December 17, 2018","December 17, 2018",1,1
Aggretsuko: We Wish You a Metal Christmas,Anime,"December 20, 2018","December 20, 2018",1,1
Black Mirror: Bandersnatch,Science fiction/drama/interactive,"December 28, 2018","December 28, 2018",1,1
Free Rein: Valentine's Day,Teen drama,"February 1, 2019","February 1, 2019",1,1
True: Happy Hearts Day,Animation,"February 1, 2019","February 1, 2019",1,1
Super Monsters Furever Friends,Animation,"April 16, 2019","April 16, 2019",1,1
Malibu Rescue,Comedy,"May 13, 2019","May 13, 2019",1,1
Oprah WinfreyPresentsWhen They See UsNow,Interview,"June 12, 2019","June 12, 2019",1,1
Our Planet - Behind the Scenes,Documentary,"August 4, 2019","August 4, 2019",1,1
The Crystal Calls – Making The Dark Crystal: Age of Resistance,Documentary,"August 31, 2019","August 31, 2019",1,1
Super MonstersBack to School,Animation,"August 16, 2019","August 16, 2019",1,1
True: Tricky Treat Day,Animation,"September 20, 2019","September 20, 2019",1,1
Super Monsters: Vida's First Halloween,Animation,"October 4, 2019","October 4, 2019",1,1
The Spooky Tale ofCaptain UnderpantsHack-a-Ween,Animation,"October 8, 2019","October 8, 2019",1,1
My Next Guest with David Letterman and Shah Rukh Khan,Talk show,"October 25, 2019","October 25, 2019",1,1
The House of Flowers Presents: The Funeral,Comedy,"November 1, 2019","November 1, 2019",1,1
True: Grabbleapple Harvest,Animation,"November 1, 2019","November 1, 2019",1,1
GO!The Unforgettable Party,Spanish languagemusical,"November 15, 2019","November 15, 2019",1,1
Super MonstersSave Christmas,Animation,"November 26, 2019","November 26, 2019",1,1
True: Winter Wishes,Animation,"November 26, 2019","November 26, 2019",1,1
Spirit Riding Free: The Spirit of Christmas,Animation,"December 6, 2019","December 6, 2019",1,1
AFamily ReunionChristmas,Sitcom,"December 9, 2019","December 9, 2019",1,1
Jack Whitehall: Christmas with My Father,Variety show,"December 12, 2019","December 12, 2019",1,1
Night on Earth: Shot in the Dark,Documentary,"January 30, 2020","January 30, 2020",1,1
Captain Underpants: Epic Choice-o-Rama,Animation/interactive fiction,"February 11, 2020","February 11, 2020",1,1
Carmen Sandiego: To Steal or Not to Steal,Animation/interactive fiction,"March 10, 2020","March 10, 2020",1,1
Making Unorthodox,Making-of,"March 26, 2020","March 26, 2020",1,1
Dragons: Rescue Riders: Hunt for the Golden Dragon,Animation,"March 27, 2020","March 27, 2020",1,1
True: Wuzzle Wegg Day,Animation,"March 27, 2020","March 27, 2020",1,1
Money Heist: The Phenomenon,Documentary,"April 3, 2020","April 3, 2020",1,1
Go! Go! Cory Carson: The Chrissy,Animation,"May 1, 2020","May 1, 2020",1,1
Unbreakable Kimmy Schmidt: Kimmy vs. the Reverend,Comedy/Interactive fiction,"May 12, 2020","May 12, 2020",1,1
True: Rainbow Rescue,Animation,"June 2, 2020","June 2, 2020",1,1
Dragons: Rescue Riders: Secrets of the Songwing,Animation,"July 24, 2020","July 24, 2020",1,1
Sugar High,Baking competition,"July 31, 2020","July 31, 2020",1,1
Super Monsters: The New Class,Animation,"August 1, 2020","August 1, 2020",1,1
AGo! Go! Cory CarsonSummer Camp,Animation,"August 4, 2020","August 4, 2020",1,1
Malibu Rescue: The Next Wave,Comedy,"August 4, 2020","August 4, 2020",1,1
The Magic School Bus Rides Again: Kids in Space,Animation,"August 7, 2020","August 7, 2020",1,1
MakingThe Witcher,Making-of,"August 26, 2020","August 26, 2020",1,1
True: Friendship Day,Animation,"September 1, 2020","September 1, 2020",1,1
The Boss Baby: Get That Baby!,Animation/interactive fiction,"September 1, 2020","September 1, 2020",1,1
AGo! Go! Cory CarsonHalloween,Animation,"October 2, 2020","October 2, 2020",1,1
StarBeam: Halloween Hero,Animation,"October 6, 2020","October 6, 2020",1,1
Super Monsters: Dia de los Monsters,Animation,"October 9, 2020","October 9, 2020",1,1
The Magic School Bus Rides Again: The Frizz Connection,Animation,"October 20, 2020","October 20, 2020",1,1
Dragons: Rescue Riders: Huttsgalor Holiday,Animation,"November 24, 2020","November 24, 2020",1,1
AGo! Go! Cory CarsonChristmas,Animation,"November 27, 2020","November 27, 2020",1,1
Chico Bon Bonand the Very Berry Holiday,Animation,"December 3, 2020","December 3, 2020",1,1
Captain Underpants: Mega Blissmas,Animation,"December 4, 2020","December 4, 2020",1,1
Mighty Express: A Mighty Christmas,Animation,"December 5, 2020","December 5, 2020",1,1
Spirit Riding Free: Ride Along Adventure,Animation/interactive fiction,"December 8, 2020","December 8, 2020",1,1
Super Monsters: Santa's Super Monster Helpers,Animation,"December 8, 2020","December 8, 2020",1,1
ATrash TruckChristmas,Animation,"December 11, 2020","December 11, 2020",1,1
The Netflix Afterparty: The Best Shows of the Worst Year,Aftershow,"December 13, 2020","December 13, 2020",1,1
AnUnremarkableChristmas,Spanish languagecomedy,"December 17, 2020","December 17, 2020",1,1
The Magic School Bus Rides Again: In the Zone,Animation,"December 26, 2020","December 26, 2020",1,1
Cobra Kai- The Afterparty,Aftershow,"January 2, 2021","January 2, 2021",1,1
CreatingThe Queen's Gambit,Making-of,"January 8, 2021","January 8, 2021",1,1
Bridgerton- The Afterparty,Aftershow,"January 23, 2021","January 23, 2021",1,1
Bling Empire- The Afterparty,Aftershow,"January 30, 2021","January 30, 2021",1,1
Animals on the Loose: AYou vs. WildInteractive Movie,Reality television/Interactive fiction,"February 16, 2021","February 16, 2021",1,1
Fate: The Winx Saga- The Afterparty,Aftershow,"February 20, 2021","February 20, 2021",1,1
Ginny & Georgia- The Afterparty,Aftershow,"February 26, 2021","February 26, 2021",1,1
The Last Kids on Earth: Happy Apocalypse to You,Animation/Interactive fiction,"April 6, 2021","April 6, 2021",1,1
Dad Stop Embarrassing Me!- The Afterparty,Aftershow,"April 16, 2021","April 16, 2021",1,1
Shadow and Bone- The Afterparty,Aftershow,"April 24, 2021","April 24, 2021",1,1
The Circle- The Afterparty,Aftershow,"May 7, 2021","May 7, 2021",1,1
The Upshaws- The Afterparty,Aftershow,"May 14, 2021","May 14, 2021",1,1
Super Monsters: Once Upon a Rhyme,Animation,"June 1, 2021","June 1, 2021",1,1
TreseAfter Dark,Aftershow,"June 10, 2021","June 10, 2021",1,1
Headspace: Unwind Your Mind,Documentary/Interactive fiction,"June 15, 2021","June 15, 2021",1,1
The House of Flowers: The Movie,Comedy,"June 23, 2021","June 23, 2021",1,1
Kingdom: Ashin of the North,Periodhorrorthriller,"July 23, 2021","July 23, 2021",1,1
You vs. Wild: Out Cold,Interactivereality,"September 14, 2021","September 14, 2021",1,1
AStoryBotsSpace Adventure,Animation,"September 15, 2021","September 15, 2021",1,1
Go! Go! Cory Carson: Chrissy Takes the Wheel,Animation,"September 21, 2021","September 21, 2021",1,1
MakingThe Billion Dollar Code,Making-of,"October 10, 2021","October 10, 2021",1,1
Sharkdog's Fintastic Halloween,Animation,"October 15, 2021","October 15, 2021",1,1
Johnny Test's Ultimate Meatloaf Quest,Animation/Interactive,"November 16, 2021","November 16, 2021",1,1
Waffles + Mochi's Holiday Feast,Cooking show,"November 23, 2021","November 23, 2021",1,1
StarBeam: Beaming in the New Year,Animation,"December 14, 2021","December 14, 2021",1,1
MakingThe Witcher: Season 2,Making-of,"December 17, 2021","December 17, 2021",1,1
The WitcherBestiary Season 1 Part 1,Clipshow,"December 17, 2021","December 17, 2021",1,1
The WitcherBestiary Season 1 Part 2,Clipshow,"December 17, 2021","December 17, 2021",1,1
The Witcher: Fireplace,Yule log,"December 17, 2021","December 17, 2021",1,1
The WitcherSeason One Recap: From the Beginning,Clipshow,"December 17, 2021","December 17, 2021",1,1
The Witcher: Characters of the Continent,Making-of,"December 17, 2021","December 17, 2021",1,1
Mighty Express: Train Trouble,Animation,"January 18, 2022","January 18, 2022",1,1
A Farewell toOzark,Making-of,"April 22, 2022","April 22, 2022",1,1
LarvaPendant,Animation/interactive fiction,"May 25, 2022","May 25, 2022",1,1
Mighty Little Bheem: I Love Taj Mahal,Animation,"May 30, 2022","May 30, 2022",1,1
Ranveervs. Wild withBear Grylls,Interactivereality,"July 8, 2022","July 8, 2022",1,1
The WitcherBestiary Season 2,Clipshow,"August 23, 2022","August 23, 2022",1,1
Jurassic World Camp Cretaceous: Hidden Adventure,Animation/Interactive fiction,"November 15, 2022","November 15, 2022",1,1
Making1899,Making-of,"November 17, 2022","November 17, 2022",1,1
TheAction PackSaves Christmas,Animation,"November 28, 2022","November 28, 2022",1,1
Mighty Express: Mighty Trains Race,Animation,"December 5, 2022","December 5, 2022",1,1
The Boss Baby: Christmas Bonus,Animation,"December 6, 2022","December 6, 2022",1,1
My Next Guest with David LettermanandVolodymyr Zelenskyy,Talk show,"December 12, 2022","December 12, 2022",1,1
Who Killed Santa? AMurdervilleMurder Mystery,Crimeimprov comedy,"December 15, 2022","December 15, 2022",1,1
MakingThe Witcher: Blood Origin,Making-of,"December 25, 2022","December 25, 2022",1,1
Copenhagen Cowboy: Nightcall with Nicolas Winding Refn,Behind the scenes,"January 31, 2023","January 31, 2023",1,1
MakingTransatlantic,Making-of,"April 7, 2023","April 7, 2023",1,1
The Last Kingdom: Seven Kings Must Die,Historical drama,"April 14, 2023","April 14, 2023",1,1
MakingThe Witcher: Season 3,Making-of,"July 27, 2023","July 27, 2023",1,1
13 Reasons Why: Beyond the Reasons,Aftershow/Interview,"March 31, 2017","August 23, 2019",3,0
Beyond Stranger Things,Aftershow,"October 27, 2017","October 27, 2017",1,1
Dance & Sing with True,Animation,"May 18, 2018","May 18, 2018",1,1
Super Monsters Monster Party,Animation,"September 14, 2018","September 14, 2018",1,1
Nailed It! Holiday,Reality competition,"December 7, 2018","November 22, 2019",2,0
Super Monsters Monster Pets,Animation,"June 7, 2019","June 7, 2019",1,1
True Tunes,Animation,"July 12, 2019","July 12, 2019",1,1
Mighty Little Bheem: Diwali,Animation,"October 18, 2019","October 18, 2019",1,1
Queer Eye: We're in Japan!,Reality television,"November 1, 2019","November 1, 2019",1,1
Mighty Little Bheem: Festival of Colors,Animation,"March 5, 2020","March 5, 2020",1,1
True: Terrific Tales,Animation,"May 12, 2020","May 12, 2020",1,1
Word Party Songs,Animation,"August 7, 2020","August 7, 2020",1,1
Game On: A Comedy Crossover Event,Comedy,"August 10, 2020","August 10, 2020",1,1
The Witcher: A Look Inside the Episodes,Making-of,"September 2, 2020","September 2, 2020",1,1
Rhyme Time Town Singalongs,Animation,"December 22, 2020","December 22, 2020",1,1
Mighty Little Bheem: Kite Festival,Animation,"January 8, 2021","January 8, 2021",1,1
Lava Ka Dhaava,Game show,"May 5, 2021","May 5, 2021",1,1
Elite Short Stories: Guzmán Caye Rebe,Crimeteen drama,"June 14, 2021","June 14, 2021",1,1
Elite Short Stories: Nadia Guzmán,Crimeteen drama,"June 15, 2021","June 15, 2021",1,1
Elite Short Stories: Omar Ander Alexis,Crimeteen drama,"June 16, 2021","June 16, 2021",1,1
Elite Short Stories: Carla Samuel,Crimeteen drama,"June 17, 2021","June 17, 2021",1,1
Revelations: TheMasters of the Universe RevelationAftershow,Aftershow,"July 23, 2021","November 23, 2021",1,0
The Ingenuity of theHousehusband,Comedy,"August 29, 2021","October 7, 2021",1,0
Money Heist: From Tokyo to Berlin,Docu-series,"September 3, 2021","December 3, 2021",2,0
Blown Away: Christmas,Reality show,"November 19, 2021","November 19, 2021",1,1
Elite Short Stories: Phillipe Caye Felipe,Crimeteen drama,"December 15, 2021","December 15, 2021",1,1
Elite Short Stories: Samuel Omar,Crimeteen drama,"December 20, 2021","December 20, 2021",1,1
Elite Short Stories: Patrick,Crimeteen drama,"December 23, 2021","December 23, 2021",1,1
Karma's World Music Videos,Animation,"February 24, 2022","June 16, 2022",2,0
Hemlock Grove,Horror/thriller,"April 19, 2013","October 23, 2015",3,0
Shadow,Thriller,"March 8, 2019","March 8, 2019",1,1
Bad Samaritans,Comedy,"March 31, 2013","March 31, 2013",1,1
Turbo Fast,,"December 24, 2013","February 5, 2016",3,0
VeggieTales in the House,,"November 26, 2014","September 23, 2016",4,0
The Adventures of Puss in Boots,,"January 16, 2015","January 26, 2018",6,0
Dinotrux,,"August 14, 2015","August 18, 2017",5,0
The Mr. Peabody & Sherman Show,,"October 9, 2015","April 21, 2017",4,0
Dawn of the Croods,,"December 24, 2015","July 7, 2017",4,0
Home: Adventures with Tip & Oh,,"July 29, 2016","July 20, 2018",4,0
VeggieTales in the City,,"February 24, 2017","September 15, 2017",2,0
Spirit Riding Free,,"May 5, 2017","April 5, 2019",8,0
Dinotrux Supercharged,,"November 10, 2017","August 3, 2018",3,0
Ask the StoryBotsKorea Edition,,"May 5, 2021","May 5, 2021",1,1
Transformers: BotBots,,"March 25, 2022","March 25, 2022",1,1
Estocolmo,Crime drama,"November 11, 2016","November 11, 2016",1,1
Wild District,Crime drama,"October 19, 2018","November 8, 2019",2,0
Go! Live Your Way,Musical,"February 22, 2019","November 15, 2019",2,0
The Snitch Cartel: Origins,Crime drama,"July 28, 2021","July 28, 2021",1,1
Juanpis González: The Series,Comedy,"January 19, 2022","January 19, 2022",1,1
Pedal to Metal,Action,"March 16, 2022","March 16, 2022",1,1
The Final Score,Drama,"November 2, 2022","November 2, 2022",1,1
Russell Peters Vs. the World,Docuseries,"October 14, 2013","October 14, 2013",1,1
Exatlon,Reality competition,"July 3, 2020","July 3, 2020",1,1
Arrested Development(seasons 4–5),Comedy,"May 26, 2013","March 15, 2019",2,0
Star Wars: The Clone Wars(season 6),AnimationScience fiction,"March 7, 2014","March 7, 2014",1,1
The Killing(season 4),Crime drama,"August 1, 2014","August 1, 2014",1,1
Longmire(seasons 4–6),Crime drama,"September 10, 2015","November 17, 2017",3,0
Mystery Science Theater 3000(seasons 11–12),Comic science fiction,"April 14, 2017","November 22, 2018",2,0
Slasher(season 2),Horroranthology series,"October 17, 2017","October 17, 2017",1,1
EastSiders(seasons 3–4),Black comedy,"November 28, 2017","December 1, 2019",2,0
The Mafia Dolls(season 2),Telenovela,"March 15, 2019","March 15, 2019",1,1
Lucifer(seasons 4–6),Fantasy/police procedural,"May 8, 2019","September 10, 2021",3,0
